split_fraction,train_rows,test_rows,test_start,test_end,block_mode,block_days,temporal_blocks,requested_resamples,seed,code,country,task,model,metric,primary_metric,point_estimate,bootstrap_mean,bootstrap_median,ci_low,ci_high,confidence,valid_resamples,positive_ci,excludes_zero,direction,p_two_sided
0.8,30353,7589,2025-06-18T17:00:00+00:00,2026-04-30T21:00:00+00:00,iso_week,7,46,2000,485424676,at,Austria,classification,LogReg,auc_gain,True,0.06704727138560618,0.06821907352575697,0.06707543333732979,0.0323611067343286,0.11085457775331752,0.95,2000,True,True,positive,0.0009995002498750624
0.8,30353,7589,2025-06-18T17:00:00+00:00,2026-04-30T21:00:00+00:00,iso_week,7,46,2000,1557233849,be,Belgium,classification,LogReg,auc_gain,True,0.16144566769318802,0.1616679425295243,0.1618877454351434,0.11173347764973318,0.2135974948278109,0.95,2000,True,True,positive,0.0009995002498750624
0.8,30352,7588,2025-06-18T17:00:00+00:00,2026-04-30T20:00:00+00:00,iso_week,7,46,2000,1880112050,bg,Bulgaria,classification,LogReg,auc_gain,True,0.00792373969790039,0.008093641768836498,0.008132427145746635,-0.00048145911165519784,0.016875602129855324,0.95,2000,False,False,overlaps_zero,0.063968015992004
0.8,30353,7589,2025-06-18T17:00:00+00:00,2026-04-30T21:00:00+00:00,iso_week,7,46,2000,147067191,cz,Czech Republic,classification,LogReg,auc_gain,True,0.013071462236361353,0.013606578681168196,0.012212874097535686,0.0032410993200463457,0.03367562376814694,0.95,2000,True,True,positive,0.0009995002498750624
0.8,30353,7589,2025-06-18T17:00:00+00:00,2026-04-30T21:00:00+00:00,iso_week,7,46,2000,3581592072,de,Germany,classification,LogReg,auc_gain,True,0.3058813441000582,0.3057962664757711,0.3057392646821793,0.2632889794411804,0.35096883218617314,0.95,2000,True,True,positive,0.0009995002498750624
0.8,30339,7585,2025-06-18T12:00:00+00:00,2026-04-30T21:00:00+00:00,iso_week,7,46,2000,4118848249,dk,Denmark,classification,LogReg,auc_gain,True,0.38910418411362635,0.38831632215668843,0.38892633300762647,0.32411036633710016,0.4485972723670918,0.95,2000,True,True,positive,0.0009995002498750624
0.8,30352,7589,2025-06-18T16:00:00+00:00,2026-04-30T21:00:00+00:00,iso_week,7,46,2000,156492851,es,Spain,classification,LogReg,auc_gain,True,0.1415788510514997,0.14138454528983987,0.14122724740022974,0.10646153741148981,0.17862677416008274,0.95,2000,True,True,positive,0.0009995002498750624
0.8,30305,7577,2025-06-18T00:00:00+00:00,2026-04-30T21:00:00+00:00,iso_week,7,46,2000,1120195802,fr,France,classification,LogReg,auc_gain,True,0.08587452167617826,0.08543947644805336,0.08419169214953676,0.022234201932654383,0.15030296210457766,0.95,2000,True,True,positive,0.0069965017491254375
0.8,30346,7587,2025-06-18T17:00:00+00:00,2026-04-30T20:00:00+00:00,iso_week,7,46,2000,2299880843,gr,Greece,classification,LogReg,auc_gain,True,0.13277475698695285,0.13173963222283164,0.13159683855807558,0.09944876601264192,0.16521811356755492,0.95,2000,True,True,positive,0.0009995002498750624
0.8,30352,7589,2025-06-18T17:00:00+00:00,2026-04-30T21:00:00+00:00,iso_week,7,46,2000,2754115982,hr,Croatia,classification,LogReg,auc_gain,True,0.1721634679630215,0.17397528163327672,0.17289589818186396,0.11313132743166227,0.24212919634775468,0.95,2000,True,True,positive,0.0009995002498750624
0.8,28868,7217,2025-05-18T22:00:00+00:00,2026-04-30T22:00:00+00:00,iso_week,7,48,2000,2169394076,ie,Ireland,classification,LogReg,auc_gain,True,0.3584985798008786,0.3591079471007902,0.3585477054850839,0.29229590044062215,0.42921504436638425,0.95,2000,True,True,positive,0.0009995002498750624
0.8,30351,7588,2025-06-18T16:00:00+00:00,2026-04-30T20:00:00+00:00,iso_week,7,46,2000,826932186,lt,Lithuania,classification,LogReg,auc_gain,True,0.30427382272578796,0.3035898239341128,0.3033971230904472,0.25421885825711055,0.35398107245403904,0.95,2000,True,True,positive,0.0009995002498750624
0.8,30352,7589,2025-06-18T16:00:00+00:00,2026-04-30T20:00:00+00:00,iso_week,7,46,2000,3593180117,lv,Latvia,classification,LogReg,auc_gain,True,0.0059533506072703135,0.005934553049018529,0.005741325191762514,-0.002723412575861622,0.015291823896217333,0.95,2000,False,False,overlaps_zero,0.17391304347826086
0.8,30353,7589,2025-06-18T17:00:00+00:00,2026-04-30T21:00:00+00:00,iso_week,7,46,2000,899312267,nl,Netherlands,classification,LogReg,auc_gain,True,0.12781835811247566,0.1272901425208659,0.12719011818842918,0.09905100750702593,0.15710575731200782,0.95,2000,True,True,positive,0.0009995002498750624
0.8,30354,7589,2025-06-18T18:00:00+00:00,2026-04-30T22:00:00+00:00,iso_week,7,46,2000,3678831450,pt,Portugal,classification,LogReg,auc_gain,True,0.11927128547320187,0.11972800587917547,0.11889517749271467,0.0787552493555297,0.16661142138433235,0.95,2000,True,True,positive,0.0009995002498750624
0.8,30352,7589,2025-06-18T16:00:00+00:00,2026-04-30T20:00:00+00:00,iso_week,7,46,2000,237117681,ro,Romania,classification,LogReg,auc_gain,True,0.1495536173112112,0.1516687689879383,0.1497142180892485,0.08238393739390543,0.226712806841681,0.95,2000,True,True,positive,0.0009995002498750624
0.8,30351,7588,2025-06-18T15:00:00+00:00,2026-04-30T21:00:00+00:00,iso_week,7,46,2000,910377674,rs,Serbia,classification,LogReg,auc_gain,True,0.057102150046053346,0.05927207430571086,0.05708967538996457,0.021307940960750588,0.11081018324529013,0.95,2000,True,True,positive,0.001999000499750125
0.8,30281,7571,2025-06-19T04:00:00+00:00,2026-04-30T21:00:00+00:00,iso_week,7,46,2000,3546271242,si,Slovenia,classification,LogReg,auc_gain,True,-0.01654248673109937,-0.016891471606007364,-0.01659170869082055,-0.031581908268811146,-0.003454393416348132,0.95,2000,False,True,negative,0.013993003498250875
0.8,30308,7578,2025-06-18T22:00:00+00:00,2026-04-30T21:00:00+00:00,iso_week,7,46,2000,3601063077,sk,Slovakia,classification,LogReg,auc_gain,True,0.07951595159515945,0.07953687054543787,0.0791979892022211,0.049488211819448166,0.10919745590290401,0.95,1278,True,True,positive,0.001563721657544957
0.8,30353,7589,2025-06-18T17:00:00+00:00,2026-04-30T21:00:00+00:00,iso_week,7,46,2000,485424676,at,Austria,classification,LogReg,brier_reduction,False,0.055871704664280014,0.0553235703932232,0.0549251917262187,0.03138764416564133,0.08132321848872019,0.95,2000,True,True,positive,0.0009995002498750624
0.8,30353,7589,2025-06-18T17:00:00+00:00,2026-04-30T21:00:00+00:00,iso_week,7,46,2000,1557233849,be,Belgium,classification,LogReg,brier_reduction,False,0.04552584844268352,0.04574493456087073,0.0455645498099682,0.03372269922074977,0.05800619612174343,0.95,2000,True,True,positive,0.0009995002498750624
0.8,30352,7588,2025-06-18T17:00:00+00:00,2026-04-30T20:00:00+00:00,iso_week,7,46,2000,1880112050,bg,Bulgaria,classification,LogReg,brier_reduction,False,0.004123896217113912,0.0040717550230561835,0.004005151414278145,0.0010492201413806312,0.007492784705915085,0.95,2000,True,True,positive,0.004997501249375313
0.8,30353,7589,2025-06-18T17:00:00+00:00,2026-04-30T21:00:00+00:00,iso_week,7,46,2000,147067191,cz,Czech Republic,classification,LogReg,brier_reduction,False,0.0011032463406317602,0.0011058172005889034,0.001047307163486607,0.00025901392124301855,0.0022413397430570193,0.95,2000,True,True,positive,0.0009995002498750624
0.8,30353,7589,2025-06-18T17:00:00+00:00,2026-04-30T21:00:00+00:00,iso_week,7,46,2000,3581592072,de,Germany,classification,LogReg,brier_reduction,False,0.148743944998842,0.14876740914621858,0.1487852295329747,0.13390523302601642,0.16383084665240116,0.95,2000,True,True,positive,0.0009995002498750624
0.8,30339,7585,2025-06-18T12:00:00+00:00,2026-04-30T21:00:00+00:00,iso_week,7,46,2000,4118848249,dk,Denmark,classification,LogReg,brier_reduction,False,0.11184785679038847,0.11164823349892164,0.11155832226631544,0.0962242286956053,0.12703486518454712,0.95,2000,True,True,positive,0.0009995002498750624
0.8,30352,7589,2025-06-18T16:00:00+00:00,2026-04-30T21:00:00+00:00,iso_week,7,46,2000,156492851,es,Spain,classification,LogReg,brier_reduction,False,0.09005323181338287,0.08995673736538826,0.0900109030796037,0.07564142371517642,0.10348602599835766,0.95,2000,True,True,positive,0.0009995002498750624
0.8,30305,7577,2025-06-18T00:00:00+00:00,2026-04-30T21:00:00+00:00,iso_week,7,46,2000,1120195802,fr,France,classification,LogReg,brier_reduction,False,0.0034334452295343154,0.0034344327679470296,0.0033637922586174877,0.0009834179599226885,0.0062751065707578,0.95,2000,True,True,positive,0.004997501249375313
0.8,30346,7587,2025-06-18T17:00:00+00:00,2026-04-30T20:00:00+00:00,iso_week,7,46,2000,2299880843,gr,Greece,classification,LogReg,brier_reduction,False,0.053363984898304684,0.05315450674083763,0.05317840634474981,0.0322369294728618,0.07491557143124858,0.95,2000,True,True,positive,0.0009995002498750624
0.8,30352,7589,2025-06-18T17:00:00+00:00,2026-04-30T21:00:00+00:00,iso_week,7,46,2000,2754115982,hr,Croatia,classification,LogReg,brier_reduction,False,0.07485434336511601,0.07480080282874357,0.07492932654036892,0.05359865618439596,0.09604840452777988,0.95,2000,True,True,positive,0.0009995002498750624
0.8,28868,7217,2025-05-18T22:00:00+00:00,2026-04-30T22:00:00+00:00,iso_week,7,48,2000,2169394076,ie,Ireland,classification,LogReg,brier_reduction,False,0.14875940860230646,0.14871676315050597,0.148865310172278,0.12636658758995128,0.17091268934465337,0.95,2000,True,True,positive,0.0009995002498750624
0.8,30351,7588,2025-06-18T16:00:00+00:00,2026-04-30T20:00:00+00:00,iso_week,7,46,2000,826932186,lt,Lithuania,classification,LogReg,brier_reduction,False,0.05546934796797587,0.055441152275185236,0.055491132690017986,0.036010334270824534,0.07556071295736472,0.95,2000,True,True,positive,0.0009995002498750624
0.8,30352,7589,2025-06-18T16:00:00+00:00,2026-04-30T20:00:00+00:00,iso_week,7,46,2000,3593180117,lv,Latvia,classification,LogReg,brier_reduction,False,0.008750819343872729,0.008739376863881366,0.008759631471828372,0.0039029711434055707,0.01393682344808978,0.95,2000,True,True,positive,0.001999000499750125
0.8,30353,7589,2025-06-18T17:00:00+00:00,2026-04-30T21:00:00+00:00,iso_week,7,46,2000,899312267,nl,Netherlands,classification,LogReg,brier_reduction,False,0.004338155138543798,0.004338161544914554,0.0041970184489122896,0.0018035276061745685,0.007495069467314092,0.95,2000,True,True,positive,0.0009995002498750624
0.8,30354,7589,2025-06-18T18:00:00+00:00,2026-04-30T22:00:00+00:00,iso_week,7,46,2000,3678831450,pt,Portugal,classification,LogReg,brier_reduction,False,0.04123676650977898,0.041558269204588646,0.04146772908844751,0.02799612775768928,0.055788088287213815,0.95,2000,True,True,positive,0.0009995002498750624
0.8,30352,7589,2025-06-18T16:00:00+00:00,2026-04-30T20:00:00+00:00,iso_week,7,46,2000,237117681,ro,Romania,classification,LogReg,brier_reduction,False,0.03550397657356005,0.03572543662912311,0.03553477005353743,0.021013602204467588,0.05073678470970923,0.95,2000,True,True,positive,0.0009995002498750624
0.8,30351,7588,2025-06-18T15:00:00+00:00,2026-04-30T21:00:00+00:00,iso_week,7,46,2000,910377674,rs,Serbia,classification,LogReg,brier_reduction,False,0.0037802839463475374,0.003682399134323921,0.0034722619694772996,0.0006059002854906289,0.007914566543587603,0.95,2000,True,True,positive,0.01699150424787606
0.8,30281,7571,2025-06-19T04:00:00+00:00,2026-04-30T21:00:00+00:00,iso_week,7,46,2000,3546271242,si,Slovenia,classification,LogReg,brier_reduction,False,-0.002880323841113419,-0.002870223893197621,-0.0028566650175251007,-0.005153094568414327,-0.0005693191077669337,0.95,2000,False,True,negative,0.012993503248375811
0.8,30308,7578,2025-06-18T22:00:00+00:00,2026-04-30T21:00:00+00:00,iso_week,7,46,2000,3601063077,sk,Slovakia,classification,LogReg,brier_reduction,False,-1.4280660391226166e-06,-1.4219211544271068e-06,-1.1845925130580344e-06,-6.340584786331994e-06,2.080628595323397e-06,0.95,2000,False,False,overlaps_zero,0.5567216391804098
0.8,30353,7589,2025-06-18T17:00:00+00:00,2026-04-30T21:00:00+00:00,iso_week,7,46,2000,485424676,at,Austria,classification,RandForest,auc_gain,True,0.08079106151913928,0.0811632079149782,0.08021255177565384,0.04436663014557021,0.12435166579855238,0.95,2000,True,True,positive,0.0009995002498750624
0.8,30353,7589,2025-06-18T17:00:00+00:00,2026-04-30T21:00:00+00:00,iso_week,7,46,2000,1557233849,be,Belgium,classification,RandForest,auc_gain,True,0.11218186610959213,0.11228323781548162,0.11173267639059198,0.07739011684694204,0.14881721085767144,0.95,2000,True,True,positive,0.0009995002498750624
0.8,30352,7588,2025-06-18T17:00:00+00:00,2026-04-30T20:00:00+00:00,iso_week,7,46,2000,1880112050,bg,Bulgaria,classification,RandForest,auc_gain,True,0.03027216794738119,0.030629096000044546,0.030392587406374627,0.01705959248222605,0.04454145211477444,0.95,2000,True,True,positive,0.0009995002498750624
0.8,30353,7589,2025-06-18T17:00:00+00:00,2026-04-30T21:00:00+00:00,iso_week,7,46,2000,147067191,cz,Czech Republic,classification,RandForest,auc_gain,True,0.07554642394250022,0.07833245792794782,0.07410668728396475,-0.0016807561829723474,0.1798540540313953,0.95,2000,False,False,overlaps_zero,0.06596701649175413
0.8,30353,7589,2025-06-18T17:00:00+00:00,2026-04-30T21:00:00+00:00,iso_week,7,46,2000,3581592072,de,Germany,classification,RandForest,auc_gain,True,0.24812210900479925,0.24770066998708284,0.24753718187474644,0.20549953536674434,0.29260144264143123,0.95,2000,True,True,positive,0.0009995002498750624
0.8,30339,7585,2025-06-18T12:00:00+00:00,2026-04-30T21:00:00+00:00,iso_week,7,46,2000,4118848249,dk,Denmark,classification,RandForest,auc_gain,True,0.3339705019752073,0.33387881893988475,0.33400409377965246,0.28076794392980775,0.385973561433779,0.95,2000,True,True,positive,0.0009995002498750624
0.8,30352,7589,2025-06-18T16:00:00+00:00,2026-04-30T21:00:00+00:00,iso_week,7,46,2000,156492851,es,Spain,classification,RandForest,auc_gain,True,0.11136650637198364,0.11130690828249172,0.11027672344644235,0.07351849290636264,0.1515680712006403,0.95,2000,True,True,positive,0.0009995002498750624
0.8,30305,7577,2025-06-18T00:00:00+00:00,2026-04-30T21:00:00+00:00,iso_week,7,46,2000,1120195802,fr,France,classification,RandForest,auc_gain,True,0.08277705173888927,0.08260871613806885,0.08185126835824558,0.007454235355546404,0.15722168134181427,0.95,2000,True,True,positive,0.029985007496251874
0.8,30346,7587,2025-06-18T17:00:00+00:00,2026-04-30T20:00:00+00:00,iso_week,7,46,2000,2299880843,gr,Greece,classification,RandForest,auc_gain,True,0.15323340369286154,0.1519832724942647,0.1521991704186918,0.11155841870648024,0.19208670189525195,0.95,2000,True,True,positive,0.0009995002498750624
0.8,30352,7589,2025-06-18T17:00:00+00:00,2026-04-30T21:00:00+00:00,iso_week,7,46,2000,2754115982,hr,Croatia,classification,RandForest,auc_gain,True,0.19188513019612596,0.1921490151599489,0.1918695698149202,0.1381742021493727,0.2446675198753739,0.95,2000,True,True,positive,0.0009995002498750624
0.8,28868,7217,2025-05-18T22:00:00+00:00,2026-04-30T22:00:00+00:00,iso_week,7,48,2000,2169394076,ie,Ireland,classification,RandForest,auc_gain,True,0.3460322957683938,0.3464391956691693,0.3461996466808673,0.28775428830154637,0.4046641099379105,0.95,2000,True,True,positive,0.0009995002498750624
0.8,30351,7588,2025-06-18T16:00:00+00:00,2026-04-30T20:00:00+00:00,iso_week,7,46,2000,826932186,lt,Lithuania,classification,RandForest,auc_gain,True,0.24941736665093606,0.2498987007122644,0.2498739833446506,0.2093488905954237,0.2931033560956387,0.95,2000,True,True,positive,0.0009995002498750624
0.8,30352,7589,2025-06-18T16:00:00+00:00,2026-04-30T20:00:00+00:00,iso_week,7,46,2000,3593180117,lv,Latvia,classification,RandForest,auc_gain,True,0.019804903908728022,0.019035794714713773,0.018500016642266637,-0.004925124029991385,0.045921265826021296,0.95,2000,False,False,overlaps_zero,0.13393303348325838
0.8,30353,7589,2025-06-18T17:00:00+00:00,2026-04-30T21:00:00+00:00,iso_week,7,46,2000,899312267,nl,Netherlands,classification,RandForest,auc_gain,True,0.176540172630138,0.17700413536098472,0.1765651526723569,0.1286353333119414,0.228593423022207,0.95,2000,True,True,positive,0.0009995002498750624
0.8,30354,7589,2025-06-18T18:00:00+00:00,2026-04-30T22:00:00+00:00,iso_week,7,46,2000,3678831450,pt,Portugal,classification,RandForest,auc_gain,True,0.13517225246403808,0.13620437979711972,0.13623617356296963,0.09858295750092218,0.17769388335568193,0.95,2000,True,True,positive,0.0009995002498750624
0.8,30352,7589,2025-06-18T16:00:00+00:00,2026-04-30T20:00:00+00:00,iso_week,7,46,2000,237117681,ro,Romania,classification,RandForest,auc_gain,True,0.11185450079836134,0.11412742041239989,0.11254974469224743,0.060682223379764685,0.17526159804267405,0.95,2000,True,True,positive,0.0009995002498750624
0.8,30351,7588,2025-06-18T15:00:00+00:00,2026-04-30T21:00:00+00:00,iso_week,7,46,2000,910377674,rs,Serbia,classification,RandForest,auc_gain,True,-0.01897038922012284,-0.019152961681899623,-0.019213279320163645,-0.05362659534438877,0.016166798600150287,0.95,2000,False,False,overlaps_zero,0.2888555722138931
0.8,30281,7571,2025-06-19T04:00:00+00:00,2026-04-30T21:00:00+00:00,iso_week,7,46,2000,3546271242,si,Slovenia,classification,RandForest,auc_gain,True,0.024831021665975395,0.02467337281630032,0.023842439577174745,-0.013902587233724803,0.06669485750504527,0.95,2000,False,False,overlaps_zero,0.22188905547226387
0.8,30308,7578,2025-06-18T22:00:00+00:00,2026-04-30T21:00:00+00:00,iso_week,7,46,2000,3601063077,sk,Slovakia,classification,RandForest,auc_gain,True,-0.000990099009900991,-0.0009946730296798753,-0.001106652420371751,-0.009423872015656703,0.00829116589525454,0.95,1278,False,False,overlaps_zero,0.8287724784988272
0.8,30353,7589,2025-06-18T17:00:00+00:00,2026-04-30T21:00:00+00:00,iso_week,7,46,2000,485424676,at,Austria,classification,RandForest,brier_reduction,False,0.04627302269980281,0.045806227665217296,0.04490488140874754,0.024737336675147707,0.06990855213513483,0.95,2000,True,True,positive,0.0009995002498750624
0.8,30353,7589,2025-06-18T17:00:00+00:00,2026-04-30T21:00:00+00:00,iso_week,7,46,2000,1557233849,be,Belgium,classification,RandForest,brier_reduction,False,0.04211309691730304,0.042248075850796846,0.04212417525211199,0.030421584759974113,0.05562478653279775,0.95,2000,True,True,positive,0.0009995002498750624
0.8,30352,7588,2025-06-18T17:00:00+00:00,2026-04-30T20:00:00+00:00,iso_week,7,46,2000,1880112050,bg,Bulgaria,classification,RandForest,brier_reduction,False,0.0038881849129081686,0.0038668823353631638,0.003848783297533416,-0.0009290971728856947,0.008688732797326305,0.95,2000,False,False,overlaps_zero,0.10394802598700649
0.8,30353,7589,2025-06-18T17:00:00+00:00,2026-04-30T21:00:00+00:00,iso_week,7,46,2000,147067191,cz,Czech Republic,classification,RandForest,brier_reduction,False,0.0012631924498914798,0.0012592099780088363,0.0011286989727254265,6.152351285306626e-06,0.0031118581743250244,0.95,2000,True,True,positive,0.04897551224387806
0.8,30353,7589,2025-06-18T17:00:00+00:00,2026-04-30T21:00:00+00:00,iso_week,7,46,2000,3581592072,de,Germany,classification,RandForest,brier_reduction,False,0.13389557455275422,0.13374032356771204,0.13379106356759393,0.11649766793023823,0.15173014281028904,0.95,2000,True,True,positive,0.0009995002498750624
0.8,30339,7585,2025-06-18T12:00:00+00:00,2026-04-30T21:00:00+00:00,iso_week,7,46,2000,4118848249,dk,Denmark,classification,RandForest,brier_reduction,False,0.11330678124798338,0.11314919762988893,0.11311664219194245,0.09713634368242453,0.12945143743152362,0.95,2000,True,True,positive,0.0009995002498750624
0.8,30352,7589,2025-06-18T16:00:00+00:00,2026-04-30T21:00:00+00:00,iso_week,7,46,2000,156492851,es,Spain,classification,RandForest,brier_reduction,False,0.08056867747803774,0.08042308556483328,0.08023335542756693,0.06080525972410865,0.1005356063614426,0.95,2000,True,True,positive,0.0009995002498750624
0.8,30305,7577,2025-06-18T00:00:00+00:00,2026-04-30T21:00:00+00:00,iso_week,7,46,2000,1120195802,fr,France,classification,RandForest,brier_reduction,False,0.0033545875179515697,0.0033600595199311085,0.0032848229673979757,0.0008125556277210493,0.0062841265640778896,0.95,2000,True,True,positive,0.01199400299850075
0.8,30346,7587,2025-06-18T17:00:00+00:00,2026-04-30T20:00:00+00:00,iso_week,7,46,2000,2299880843,gr,Greece,classification,RandForest,brier_reduction,False,0.07606710444153778,0.07555008671393133,0.07531702715775634,0.05019939154811348,0.10289979570235783,0.95,2000,True,True,positive,0.0009995002498750624
0.8,30352,7589,2025-06-18T17:00:00+00:00,2026-04-30T21:00:00+00:00,iso_week,7,46,2000,2754115982,hr,Croatia,classification,RandForest,brier_reduction,False,0.06874403636720666,0.06870077314727747,0.06893536254502425,0.044183731603311856,0.09252251780259982,0.95,2000,True,True,positive,0.0009995002498750624
0.8,28868,7217,2025-05-18T22:00:00+00:00,2026-04-30T22:00:00+00:00,iso_week,7,48,2000,2169394076,ie,Ireland,classification,RandForest,brier_reduction,False,0.14325737484068762,0.1431692335588151,0.14331249663690077,0.1230808463758091,0.16388623751238562,0.95,2000,True,True,positive,0.0009995002498750624
0.8,30351,7588,2025-06-18T16:00:00+00:00,2026-04-30T20:00:00+00:00,iso_week,7,46,2000,826932186,lt,Lithuania,classification,RandForest,brier_reduction,False,0.0697573970895676,0.06977685773928605,0.06956388784603608,0.04993186548792377,0.09069102818184188,0.95,2000,True,True,positive,0.0009995002498750624
0.8,30352,7589,2025-06-18T16:00:00+00:00,2026-04-30T20:00:00+00:00,iso_week,7,46,2000,3593180117,lv,Latvia,classification,RandForest,brier_reduction,False,0.009698834788821276,0.009726055965594808,0.009481576686034193,-0.008563887352023588,0.028270075333783132,0.95,2000,False,False,overlaps_zero,0.3118440779610195
0.8,30353,7589,2025-06-18T17:00:00+00:00,2026-04-30T21:00:00+00:00,iso_week,7,46,2000,899312267,nl,Netherlands,classification,RandForest,brier_reduction,False,0.006946400551797009,0.006942215972905408,0.006833634379357318,0.0038625822512568108,0.010645787625110346,0.95,2000,True,True,positive,0.0009995002498750624
0.8,30354,7589,2025-06-18T18:00:00+00:00,2026-04-30T22:00:00+00:00,iso_week,7,46,2000,3678831450,pt,Portugal,classification,RandForest,brier_reduction,False,0.03886928377777707,0.03922484901089888,0.03931678599969983,0.02404689650990708,0.05500598786091154,0.95,2000,True,True,positive,0.0009995002498750624
0.8,30352,7589,2025-06-18T16:00:00+00:00,2026-04-30T20:00:00+00:00,iso_week,7,46,2000,237117681,ro,Romania,classification,RandForest,brier_reduction,False,0.018125088552957275,0.018513858614543934,0.018294670483159692,0.0043986053315496435,0.033274045545619566,0.95,2000,True,True,positive,0.01199400299850075
0.8,30351,7588,2025-06-18T15:00:00+00:00,2026-04-30T21:00:00+00:00,iso_week,7,46,2000,910377674,rs,Serbia,classification,RandForest,brier_reduction,False,-0.0007196293883719451,-0.0007332047392012846,-0.0007694021591188732,-0.0041468600910732735,0.0029912712193539016,0.95,2000,False,False,overlaps_zero,0.655672163918041
0.8,30281,7571,2025-06-19T04:00:00+00:00,2026-04-30T21:00:00+00:00,iso_week,7,46,2000,3546271242,si,Slovenia,classification,RandForest,brier_reduction,False,-0.017442306078927577,-0.017321785398300357,-0.017319085256602584,-0.031145964031289133,-0.003907272470387782,0.95,2000,False,True,negative,0.008995502248875561
0.8,30308,7578,2025-06-18T22:00:00+00:00,2026-04-30T21:00:00+00:00,iso_week,7,46,2000,3601063077,sk,Slovakia,classification,RandForest,brier_reduction,False,-0.00010672856398368853,-0.00010745363526221274,-9.885818968244364e-05,-0.0003441889539481805,3.401748048662318e-05,0.95,2000,False,False,overlaps_zero,0.3868065967016492
0.8,30353,7589,2025-06-18T17:00:00+00:00,2026-04-30T21:00:00+00:00,iso_week,7,46,2000,485424676,at,Austria,regression,GradientBoosting,mae_reduction,False,5.271327969924284,5.266346678877671,5.26693657610409,4.079152634238186,6.48484392024568,0.95,2000,True,True,positive,0.0009995002498750624
0.8,30353,7589,2025-06-18T17:00:00+00:00,2026-04-30T21:00:00+00:00,iso_week,7,46,2000,1557233849,be,Belgium,regression,GradientBoosting,mae_reduction,False,7.505102353450775,7.507152833414922,7.504619204599505,6.578457813706076,8.457625644838554,0.95,2000,True,True,positive,0.0009995002498750624
0.8,30352,7588,2025-06-18T17:00:00+00:00,2026-04-30T20:00:00+00:00,iso_week,7,46,2000,1880112050,bg,Bulgaria,regression,GradientBoosting,mae_reduction,False,0.38496017166363394,0.3837941617728762,0.3876332066440247,0.05908015963313276,0.6888827481169743,0.95,2000,True,True,positive,0.02498750624687656
0.8,30353,7589,2025-06-18T17:00:00+00:00,2026-04-30T21:00:00+00:00,iso_week,7,46,2000,147067191,cz,Czech Republic,regression,GradientBoosting,mae_reduction,False,0.9113615950784539,0.913132576873687,0.9165353291153935,0.7072765197354792,1.1210062340057643,0.95,2000,True,True,positive,0.0009995002498750624
0.8,30353,7589,2025-06-18T17:00:00+00:00,2026-04-30T21:00:00+00:00,iso_week,7,46,2000,3581592072,de,Germany,regression,GradientBoosting,mae_reduction,False,9.293082663036309,9.28863478308754,9.279997730483755,7.987998903613253,10.693478782876975,0.95,2000,True,True,positive,0.0009995002498750624
0.8,30339,7585,2025-06-18T12:00:00+00:00,2026-04-30T21:00:00+00:00,iso_week,7,46,2000,4118848249,dk,Denmark,regression,GradientBoosting,mae_reduction,False,17.306400300161563,17.311431880228888,17.327010604928113,15.344552191914822,19.147067345315126,0.95,2000,True,True,positive,0.0009995002498750624
0.8,30352,7589,2025-06-18T16:00:00+00:00,2026-04-30T21:00:00+00:00,iso_week,7,46,2000,156492851,es,Spain,regression,GradientBoosting,mae_reduction,False,4.481382177569958,4.473342764401339,4.480887457946219,3.411320062454437,5.429259571086017,0.95,2000,True,True,positive,0.0009995002498750624
0.8,30305,7577,2025-06-18T00:00:00+00:00,2026-04-30T21:00:00+00:00,iso_week,7,46,2000,1120195802,fr,France,regression,GradientBoosting,mae_reduction,False,2.391075437000638,2.3923316464161575,2.384554721209869,1.7498808394480725,3.073344902531949,0.95,2000,True,True,positive,0.0009995002498750624
0.8,30346,7587,2025-06-18T17:00:00+00:00,2026-04-30T20:00:00+00:00,iso_week,7,46,2000,2299880843,gr,Greece,regression,GradientBoosting,mae_reduction,False,5.711356241213098,5.704801901314859,5.714314063225161,4.281709195931362,7.1414549898053306,0.95,2000,True,True,positive,0.0009995002498750624
0.8,30352,7589,2025-06-18T17:00:00+00:00,2026-04-30T21:00:00+00:00,iso_week,7,46,2000,2754115982,hr,Croatia,regression,GradientBoosting,mae_reduction,False,4.300852635944967,4.298587209458327,4.31801356925318,3.339479795750064,5.236701562289678,0.95,2000,True,True,positive,0.0009995002498750624
0.8,28868,7217,2025-05-18T22:00:00+00:00,2026-04-30T22:00:00+00:00,iso_week,7,48,2000,2169394076,ie,Ireland,regression,GradientBoosting,mae_reduction,False,14.48500299251743,14.47787309403329,14.491943193025904,13.221704525308082,15.674597066024544,0.95,2000,True,True,positive,0.0009995002498750624
0.8,30351,7588,2025-06-18T16:00:00+00:00,2026-04-30T20:00:00+00:00,iso_week,7,46,2000,826932186,lt,Lithuania,regression,GradientBoosting,mae_reduction,False,7.0759338929935325,7.059800048772576,7.020079016358567,5.400123122301782,8.852843066485672,0.95,2000,True,True,positive,0.0009995002498750624
0.8,30352,7589,2025-06-18T16:00:00+00:00,2026-04-30T20:00:00+00:00,iso_week,7,46,2000,3593180117,lv,Latvia,regression,GradientBoosting,mae_reduction,False,0.7783197081803799,0.7902501329466411,0.7793667115047942,-0.33956299335986057,1.9838882168097571,0.95,2000,False,False,overlaps_zero,0.19490254872563717
0.8,30353,7589,2025-06-18T17:00:00+00:00,2026-04-30T21:00:00+00:00,iso_week,7,46,2000,899312267,nl,Netherlands,regression,GradientBoosting,mae_reduction,False,7.88933162989961,7.90034248417406,7.894304420060992,7.01959694169432,8.744730061842867,0.95,2000,True,True,positive,0.0009995002498750624
0.8,30354,7589,2025-06-18T18:00:00+00:00,2026-04-30T22:00:00+00:00,iso_week,7,46,2000,3678831450,pt,Portugal,regression,GradientBoosting,mae_reduction,False,3.090835171967216,3.101857640932627,3.1079126713839154,1.7442850000801127,4.354239999753327,0.95,2000,True,True,positive,0.0009995002498750624
0.8,30352,7589,2025-06-18T16:00:00+00:00,2026-04-30T20:00:00+00:00,iso_week,7,46,2000,237117681,ro,Romania,regression,GradientBoosting,mae_reduction,False,1.8317289783278552,1.8385401541543316,1.835951115903975,1.1331963968623855,2.5509718402546375,0.95,2000,True,True,positive,0.0009995002498750624
0.8,30351,7588,2025-06-18T15:00:00+00:00,2026-04-30T21:00:00+00:00,iso_week,7,46,2000,910377674,rs,Serbia,regression,GradientBoosting,mae_reduction,False,0.36468461011234155,0.36212197952599895,0.3593001931100881,0.07076730977479567,0.6919061398045626,0.95,2000,True,True,positive,0.014992503748125937
0.8,30281,7571,2025-06-19T04:00:00+00:00,2026-04-30T21:00:00+00:00,iso_week,7,46,2000,3546271242,si,Slovenia,regression,GradientBoosting,mae_reduction,False,-0.17489705039432302,-0.1662411424310208,-0.17212286969877422,-0.7581558364291668,0.39399700338119553,0.95,2000,False,False,overlaps_zero,0.5547226386806596
0.8,30308,7578,2025-06-18T22:00:00+00:00,2026-04-30T21:00:00+00:00,iso_week,7,46,2000,3601063077,sk,Slovakia,regression,GradientBoosting,mae_reduction,False,0.04859554978469749,0.045425772610841776,0.04650230783772491,-0.24040901789060737,0.34865774362841256,0.95,2000,False,False,overlaps_zero,0.7596201899050474
0.8,30353,7589,2025-06-18T17:00:00+00:00,2026-04-30T21:00:00+00:00,iso_week,7,46,2000,485424676,at,Austria,regression,GradientBoosting,r2_gain,True,0.2524050715367998,0.25629664539575925,0.2547240732577534,0.20986779246179701,0.31325277851329714,0.95,2000,True,True,positive,0.0009995002498750624
0.8,30353,7589,2025-06-18T17:00:00+00:00,2026-04-30T21:00:00+00:00,iso_week,7,46,2000,1557233849,be,Belgium,regression,GradientBoosting,r2_gain,True,0.46765879774240715,0.4705187864728934,0.470638469775739,0.385780966703614,0.5569748190948058,0.95,2000,True,True,positive,0.0009995002498750624
0.8,30352,7588,2025-06-18T17:00:00+00:00,2026-04-30T20:00:00+00:00,iso_week,7,46,2000,1880112050,bg,Bulgaria,regression,GradientBoosting,r2_gain,True,0.03461885916982821,0.03484184736723939,0.03486397940402847,0.009665217080700275,0.05875344319886926,0.95,2000,True,True,positive,0.013993003498250875
0.8,30353,7589,2025-06-18T17:00:00+00:00,2026-04-30T21:00:00+00:00,iso_week,7,46,2000,147067191,cz,Czech Republic,regression,GradientBoosting,r2_gain,True,0.16385057671834868,0.16476579949398648,0.16518650597476686,0.13092454939737333,0.19827417229708805,0.95,2000,True,True,positive,0.0009995002498750624
0.8,30353,7589,2025-06-18T17:00:00+00:00,2026-04-30T21:00:00+00:00,iso_week,7,46,2000,3581592072,de,Germany,regression,GradientBoosting,r2_gain,True,0.5189686742948634,0.5209238938602009,0.5204317086400652,0.4437121794771524,0.603708828295162,0.95,2000,True,True,positive,0.0009995002498750624
0.8,30339,7585,2025-06-18T12:00:00+00:00,2026-04-30T21:00:00+00:00,iso_week,7,46,2000,4118848249,dk,Denmark,regression,GradientBoosting,r2_gain,True,0.828293599457488,0.8320570086916519,0.8322498672935046,0.7570991177844467,0.911641782541609,0.95,2000,True,True,positive,0.0009995002498750624
0.8,30352,7589,2025-06-18T16:00:00+00:00,2026-04-30T21:00:00+00:00,iso_week,7,46,2000,156492851,es,Spain,regression,GradientBoosting,r2_gain,True,0.23974855333509415,0.24121142042826926,0.240011951503818,0.1720023588049004,0.3121190989692613,0.95,2000,True,True,positive,0.0009995002498750624
0.8,30305,7577,2025-06-18T00:00:00+00:00,2026-04-30T21:00:00+00:00,iso_week,7,46,2000,1120195802,fr,France,regression,GradientBoosting,r2_gain,True,0.45190202886247754,0.4529146642558504,0.44979899570699944,0.32971027820011667,0.5992196593425696,0.95,2000,True,True,positive,0.0009995002498750624
0.8,30346,7587,2025-06-18T17:00:00+00:00,2026-04-30T20:00:00+00:00,iso_week,7,46,2000,2299880843,gr,Greece,regression,GradientBoosting,r2_gain,True,0.35711436823078246,0.35745745305119647,0.35483528937656267,0.2611491871123744,0.4644327571000058,0.95,2000,True,True,positive,0.0009995002498750624
0.8,30352,7589,2025-06-18T17:00:00+00:00,2026-04-30T21:00:00+00:00,iso_week,7,46,2000,2754115982,hr,Croatia,regression,GradientBoosting,r2_gain,True,0.4386037872433831,0.4448660518576232,0.44148292923125826,0.3457349966695099,0.5618003675931609,0.95,2000,True,True,positive,0.0009995002498750624
0.8,28868,7217,2025-05-18T22:00:00+00:00,2026-04-30T22:00:00+00:00,iso_week,7,48,2000,2169394076,ie,Ireland,regression,GradientBoosting,r2_gain,True,0.875512652353389,0.88107516802684,0.8812835671504298,0.7999119243072809,0.9569900417711679,0.95,2000,True,True,positive,0.0009995002498750624
0.8,30351,7588,2025-06-18T16:00:00+00:00,2026-04-30T20:00:00+00:00,iso_week,7,46,2000,826932186,lt,Lithuania,regression,GradientBoosting,r2_gain,True,0.3842209325230572,0.38866588378271955,0.3853191265420221,0.2920247488382473,0.5070986790236219,0.95,2000,True,True,positive,0.0009995002498750624
0.8,30352,7589,2025-06-18T16:00:00+00:00,2026-04-30T20:00:00+00:00,iso_week,7,46,2000,3593180117,lv,Latvia,regression,GradientBoosting,r2_gain,True,-0.012001500644135854,-0.008696696490541172,-0.010988088431878096,-0.0794630597163051,0.07406783998534353,0.95,2000,False,False,overlaps_zero,0.7796101949025487
0.8,30353,7589,2025-06-18T17:00:00+00:00,2026-04-30T21:00:00+00:00,iso_week,7,46,2000,899312267,nl,Netherlands,regression,GradientBoosting,r2_gain,True,0.8421943042494517,0.8477880696362708,0.8453036023905298,0.7666405763887191,0.944274867914088,0.95,2000,True,True,positive,0.0009995002498750624
0.8,30354,7589,2025-06-18T18:00:00+00:00,2026-04-30T22:00:00+00:00,iso_week,7,46,2000,3678831450,pt,Portugal,regression,GradientBoosting,r2_gain,True,0.31872704032747534,0.3222241147144376,0.323679679817459,0.19911194880543842,0.44473085080104535,0.95,2000,True,True,positive,0.0009995002498750624
0.8,30352,7589,2025-06-18T16:00:00+00:00,2026-04-30T20:00:00+00:00,iso_week,7,46,2000,237117681,ro,Romania,regression,GradientBoosting,r2_gain,True,0.23687386051095582,0.2417839013309948,0.23822538925678677,0.14537171598789198,0.34932223536226914,0.95,2000,True,True,positive,0.0009995002498750624
0.8,30351,7588,2025-06-18T15:00:00+00:00,2026-04-30T21:00:00+00:00,iso_week,7,46,2000,910377674,rs,Serbia,regression,GradientBoosting,r2_gain,True,0.05468726176671834,0.05576879793699696,0.05368508042313613,0.0055188593631685596,0.11756894671716361,0.95,2000,True,True,positive,0.028985507246376812
0.8,30281,7571,2025-06-19T04:00:00+00:00,2026-04-30T21:00:00+00:00,iso_week,7,46,2000,3546271242,si,Slovenia,regression,GradientBoosting,r2_gain,True,-0.0805394241933356,-0.0803363394696858,-0.07903366421293673,-0.1831279736378794,0.00495649930233281,0.95,2000,False,False,overlaps_zero,0.079960019990005
0.8,30308,7578,2025-06-18T22:00:00+00:00,2026-04-30T21:00:00+00:00,iso_week,7,46,2000,3601063077,sk,Slovakia,regression,GradientBoosting,r2_gain,True,-0.004346394053694302,-0.010447009188697032,-0.004586145974295075,-0.15075559822551393,0.10197772661675808,0.95,2000,False,False,overlaps_zero,0.9245377311344328
0.8,30353,7589,2025-06-18T17:00:00+00:00,2026-04-30T21:00:00+00:00,iso_week,7,46,2000,485424676,at,Austria,regression,LightGBM,mae_reduction,False,5.081523757792896,5.076523130009855,5.069678940289232,3.8211800257524877,6.3768368288124595,0.95,2000,True,True,positive,0.0009995002498750624
0.8,30353,7589,2025-06-18T17:00:00+00:00,2026-04-30T21:00:00+00:00,iso_week,7,46,2000,1557233849,be,Belgium,regression,LightGBM,mae_reduction,False,7.535220764027222,7.537497275371337,7.536613551430888,6.614311722372846,8.49382421335522,0.95,2000,True,True,positive,0.0009995002498750624
0.8,30352,7588,2025-06-18T17:00:00+00:00,2026-04-30T20:00:00+00:00,iso_week,7,46,2000,1880112050,bg,Bulgaria,regression,LightGBM,mae_reduction,False,0.3614022755400441,0.3602902724558679,0.3632429477818988,0.01780756300342546,0.690057328167146,0.95,2000,True,True,positive,0.04097951024487756
0.8,30353,7589,2025-06-18T17:00:00+00:00,2026-04-30T21:00:00+00:00,iso_week,7,46,2000,147067191,cz,Czech Republic,regression,LightGBM,mae_reduction,False,0.8938771361464872,0.8956690207037762,0.8971902117072295,0.6763803184595863,1.1196213291928752,0.95,2000,True,True,positive,0.0009995002498750624
0.8,30353,7589,2025-06-18T17:00:00+00:00,2026-04-30T21:00:00+00:00,iso_week,7,46,2000,3581592072,de,Germany,regression,LightGBM,mae_reduction,False,9.231647049689595,9.226212735539821,9.218959585904784,7.932591269131349,10.633620160756974,0.95,2000,True,True,positive,0.0009995002498750624
0.8,30339,7585,2025-06-18T12:00:00+00:00,2026-04-30T21:00:00+00:00,iso_week,7,46,2000,4118848249,dk,Denmark,regression,LightGBM,mae_reduction,False,17.403499879647605,17.406574114139573,17.41990084302283,15.413130960658062,19.27576424525267,0.95,2000,True,True,positive,0.0009995002498750624
0.8,30352,7589,2025-06-18T16:00:00+00:00,2026-04-30T21:00:00+00:00,iso_week,7,46,2000,156492851,es,Spain,regression,LightGBM,mae_reduction,False,4.422288997970111,4.412855859667243,4.416535130231928,3.344820978325107,5.390855248524009,0.95,2000,True,True,positive,0.0009995002498750624
0.8,30305,7577,2025-06-18T00:00:00+00:00,2026-04-30T21:00:00+00:00,iso_week,7,46,2000,1120195802,fr,France,regression,LightGBM,mae_reduction,False,2.3935425864176496,2.3952114822505126,2.38732277417945,1.7630607051541916,3.0683193736454517,0.95,2000,True,True,positive,0.0009995002498750624
0.8,30346,7587,2025-06-18T17:00:00+00:00,2026-04-30T20:00:00+00:00,iso_week,7,46,2000,2299880843,gr,Greece,regression,LightGBM,mae_reduction,False,5.712359259790459,5.7059782437762205,5.712741098320363,4.285389825026461,7.1788920110019045,0.95,2000,True,True,positive,0.0009995002498750624
0.8,30352,7589,2025-06-18T17:00:00+00:00,2026-04-30T21:00:00+00:00,iso_week,7,46,2000,2754115982,hr,Croatia,regression,LightGBM,mae_reduction,False,4.204897087598505,4.204524825903935,4.211586646966554,3.250659637160948,5.163343354283392,0.95,2000,True,True,positive,0.0009995002498750624
0.8,28868,7217,2025-05-18T22:00:00+00:00,2026-04-30T22:00:00+00:00,iso_week,7,48,2000,2169394076,ie,Ireland,regression,LightGBM,mae_reduction,False,14.492300611278694,14.484470978743174,14.492462638374304,13.223171496917848,15.685080519311105,0.95,2000,True,True,positive,0.0009995002498750624
0.8,30351,7588,2025-06-18T16:00:00+00:00,2026-04-30T20:00:00+00:00,iso_week,7,46,2000,826932186,lt,Lithuania,regression,LightGBM,mae_reduction,False,7.3485856876177245,7.332898530783414,7.280094078706403,5.593439170297663,9.210305661566702,0.95,2000,True,True,positive,0.0009995002498750624
0.8,30352,7589,2025-06-18T16:00:00+00:00,2026-04-30T20:00:00+00:00,iso_week,7,46,2000,3593180117,lv,Latvia,regression,LightGBM,mae_reduction,False,0.9078267563458589,0.9282423929983546,0.9090194980948976,-0.4232413230189685,2.391039228563559,0.95,2000,False,False,overlaps_zero,0.2048975512243878
0.8,30353,7589,2025-06-18T17:00:00+00:00,2026-04-30T21:00:00+00:00,iso_week,7,46,2000,899312267,nl,Netherlands,regression,LightGBM,mae_reduction,False,7.9118466152115206,7.9229538211699895,7.917991126576396,7.039180370497092,8.763038714532778,0.95,2000,True,True,positive,0.0009995002498750624
0.8,30354,7589,2025-06-18T18:00:00+00:00,2026-04-30T22:00:00+00:00,iso_week,7,46,2000,3678831450,pt,Portugal,regression,LightGBM,mae_reduction,False,2.9895779178916477,3.0034447002392963,3.0058632560227165,1.6710203349670734,4.257053427050163,0.95,2000,True,True,positive,0.0009995002498750624
0.8,30352,7589,2025-06-18T16:00:00+00:00,2026-04-30T20:00:00+00:00,iso_week,7,46,2000,237117681,ro,Romania,regression,LightGBM,mae_reduction,False,1.801367693506144,1.8081747719858132,1.807893178037384,1.0804627003862028,2.534493564842338,0.95,2000,True,True,positive,0.0009995002498750624
0.8,30351,7588,2025-06-18T15:00:00+00:00,2026-04-30T21:00:00+00:00,iso_week,7,46,2000,910377674,rs,Serbia,regression,LightGBM,mae_reduction,False,0.27986063606945155,0.27533603582848504,0.2680400667149594,-0.04096378713860226,0.6200042059506834,0.95,2000,False,False,overlaps_zero,0.09295352323838081
0.8,30281,7571,2025-06-19T04:00:00+00:00,2026-04-30T21:00:00+00:00,iso_week,7,46,2000,3546271242,si,Slovenia,regression,LightGBM,mae_reduction,False,-0.5284083429970146,-0.5193881955702527,-0.5240049316939679,-1.1856036771941583,0.11414643606636779,0.95,2000,False,False,overlaps_zero,0.11894052973513243
0.8,30308,7578,2025-06-18T22:00:00+00:00,2026-04-30T21:00:00+00:00,iso_week,7,46,2000,3601063077,sk,Slovakia,regression,LightGBM,mae_reduction,False,-0.04538200945804771,-0.04934351407054406,-0.04752762427931545,-0.3646570690402679,0.27776275549861545,0.95,2000,False,False,overlaps_zero,0.7626186906546727
0.8,30353,7589,2025-06-18T17:00:00+00:00,2026-04-30T21:00:00+00:00,iso_week,7,46,2000,485424676,at,Austria,regression,LightGBM,r2_gain,True,0.24141826518005882,0.24480138412936572,0.24395176350209596,0.19529983059372932,0.30081734053383946,0.95,2000,True,True,positive,0.0009995002498750624
0.8,30353,7589,2025-06-18T17:00:00+00:00,2026-04-30T21:00:00+00:00,iso_week,7,46,2000,1557233849,be,Belgium,regression,LightGBM,r2_gain,True,0.4688018872659081,0.4716950747722919,0.47123911984595723,0.38618617138841926,0.5584560156165151,0.95,2000,True,True,positive,0.0009995002498750624
0.8,30352,7588,2025-06-18T17:00:00+00:00,2026-04-30T20:00:00+00:00,iso_week,7,46,2000,1880112050,bg,Bulgaria,regression,LightGBM,r2_gain,True,0.03290490739204044,0.03312018773368759,0.03335694718544463,0.00546258206661922,0.05868520841929169,0.95,2000,True,True,positive,0.020989505247376312
0.8,30353,7589,2025-06-18T17:00:00+00:00,2026-04-30T21:00:00+00:00,iso_week,7,46,2000,147067191,cz,Czech Republic,regression,LightGBM,r2_gain,True,0.1624818093995546,0.1633738992610439,0.16367819316498605,0.12874716309484074,0.19848922447001488,0.95,2000,True,True,positive,0.0009995002498750624
0.8,30353,7589,2025-06-18T17:00:00+00:00,2026-04-30T21:00:00+00:00,iso_week,7,46,2000,3581592072,de,Germany,regression,LightGBM,r2_gain,True,0.5155583079169863,0.5174589487539322,0.5169605583797674,0.4401714232639239,0.6008548921847474,0.95,2000,True,True,positive,0.0009995002498750624
0.8,30339,7585,2025-06-18T12:00:00+00:00,2026-04-30T21:00:00+00:00,iso_week,7,46,2000,4118848249,dk,Denmark,regression,LightGBM,r2_gain,True,0.8388785106010828,0.8425958478488429,0.8426203890601841,0.7621340137522924,0.9275617127274347,0.95,2000,True,True,positive,0.0009995002498750624
0.8,30352,7589,2025-06-18T16:00:00+00:00,2026-04-30T21:00:00+00:00,iso_week,7,46,2000,156492851,es,Spain,regression,LightGBM,r2_gain,True,0.23590712736963304,0.23724808144877516,0.2363721908325459,0.16649389927681016,0.30944178694874996,0.95,2000,True,True,positive,0.0009995002498750624
0.8,30305,7577,2025-06-18T00:00:00+00:00,2026-04-30T21:00:00+00:00,iso_week,7,46,2000,1120195802,fr,France,regression,LightGBM,r2_gain,True,0.4537856335907081,0.45493266227262213,0.45174408985774156,0.3293909633008571,0.6015377551215088,0.95,2000,True,True,positive,0.0009995002498750624
0.8,30346,7587,2025-06-18T17:00:00+00:00,2026-04-30T20:00:00+00:00,iso_week,7,46,2000,2299880843,gr,Greece,regression,LightGBM,r2_gain,True,0.3555352501935246,0.35585843721959187,0.3538761566665522,0.2613504342313877,0.4596906421018614,0.95,2000,True,True,positive,0.0009995002498750624
0.8,30352,7589,2025-06-18T17:00:00+00:00,2026-04-30T21:00:00+00:00,iso_week,7,46,2000,2754115982,hr,Croatia,regression,LightGBM,r2_gain,True,0.4298933083698985,0.43626408914642306,0.43237438341860995,0.33815025101058005,0.5524388902566892,0.95,2000,True,True,positive,0.0009995002498750624
0.8,28868,7217,2025-05-18T22:00:00+00:00,2026-04-30T22:00:00+00:00,iso_week,7,48,2000,2169394076,ie,Ireland,regression,LightGBM,r2_gain,True,0.8813141024992989,0.8868695198792321,0.8878015507503664,0.803987366894553,0.9627475115766939,0.95,2000,True,True,positive,0.0009995002498750624
0.8,30351,7588,2025-06-18T16:00:00+00:00,2026-04-30T20:00:00+00:00,iso_week,7,46,2000,826932186,lt,Lithuania,regression,LightGBM,r2_gain,True,0.38853883933892774,0.3934301772764684,0.3901826092664854,0.2915595721435362,0.5211080573996362,0.95,2000,True,True,positive,0.0009995002498750624
0.8,30352,7589,2025-06-18T16:00:00+00:00,2026-04-30T20:00:00+00:00,iso_week,7,46,2000,3593180117,lv,Latvia,regression,LightGBM,r2_gain,True,-0.026262561743304103,-0.022284644692701853,-0.02464448452374668,-0.11069558233759323,0.07588264719467673,0.95,2000,False,False,overlaps_zero,0.6186906546726637
0.8,30353,7589,2025-06-18T17:00:00+00:00,2026-04-30T21:00:00+00:00,iso_week,7,46,2000,899312267,nl,Netherlands,regression,LightGBM,r2_gain,True,0.8425834154135496,0.8482041225083414,0.845628361743675,0.767944073691059,0.9438732874127995,0.95,2000,True,True,positive,0.0009995002498750624
0.8,30354,7589,2025-06-18T18:00:00+00:00,2026-04-30T22:00:00+00:00,iso_week,7,46,2000,3678831450,pt,Portugal,regression,LightGBM,r2_gain,True,0.312837643918246,0.3165645180760075,0.31763209350843813,0.19305816638781884,0.4433461720901175,0.95,2000,True,True,positive,0.0009995002498750624
0.8,30352,7589,2025-06-18T16:00:00+00:00,2026-04-30T20:00:00+00:00,iso_week,7,46,2000,237117681,ro,Romania,regression,LightGBM,r2_gain,True,0.23319544249781599,0.23797919865120346,0.23506184878572617,0.14122915181598286,0.3467924898807832,0.95,2000,True,True,positive,0.0009995002498750624
0.8,30351,7588,2025-06-18T15:00:00+00:00,2026-04-30T21:00:00+00:00,iso_week,7,46,2000,910377674,rs,Serbia,regression,LightGBM,r2_gain,True,0.039417474498654625,0.039859782822238995,0.03778689606826202,-0.01573745709609153,0.10588488806718513,0.95,2000,False,False,overlaps_zero,0.17891054472763618
0.8,30281,7571,2025-06-19T04:00:00+00:00,2026-04-30T21:00:00+00:00,iso_week,7,46,2000,3546271242,si,Slovenia,regression,LightGBM,r2_gain,True,-0.15013807603615403,-0.1501545364269154,-0.1467898096553657,-0.2856496481238311,-0.0441882402344638,0.95,2000,False,True,negative,0.00399800099950025
0.8,30308,7578,2025-06-18T22:00:00+00:00,2026-04-30T21:00:00+00:00,iso_week,7,46,2000,3601063077,sk,Slovakia,regression,LightGBM,r2_gain,True,-0.05892084813955978,-0.06893782647223684,-0.060141397924465156,-0.2558982650419154,0.06917375838575279,0.95,2000,False,False,overlaps_zero,0.39280359820089955
