code,scheme,resolution_deg,native_resolution_deg,coarsen_lat_factor,coarsen_lon_factor,hours,native_points,processed_points,point_hours,source_bytes,capacity_layout,capacity_years,wind_capacity_mw,solar_capacity_mw,wind_capacity_mw_start,wind_capacity_mw_end,solar_capacity_mw_start,solar_capacity_mw_end,wind_outside_grid_mw_max,solar_outside_grid_mw_max,wind_outside_grid_points_max,solar_outside_grid_points_max,wind_weight_fallback,solar_weight_fallback,wind_capacity_absent,solar_capacity_absent,wind_low_coverage,solar_low_coverage,wind_fallback_years,solar_fallback_years,compute_s,write_s,total_s,point_hours_per_s,peak_rss_mb,run_id,workers,task_wall_s,source_kind,source_open_s,graph_build_s,system_scope,wind_out_of_system_scope_mw_max,solar_out_of_system_scope_mw_max,wind_out_of_system_scope_points_max,solar_out_of_system_scope_points_max,aggregation_point_hours_per_s,wind_occupied_cells,solar_occupied_cells,combined_occupied_cells,wind_effective_cells,solar_effective_cells,combined_effective_cells
sk,capacity,0.25,0.25,1,1,37944,250,250,9486000,66507172,annual,"2022,2023,2024,2025,2026",0.0,826.3574636306136,0.0,0.0,785.75,885.8499999999999,0.0,0.0,0,0,True,False,True,False,False,False,"2022,2023,2024,2025,2026",,1.1483051249524578,0.1467711659497581,1.4144553340156565,6706468.399443288,626.015625,20260723T013213Z-85f136d9,8,7.174533749988768,resolution_cache,0.0128044589655473,0.0993143340456299,country,0.0,0.0,0.0,0.0,8260870.55946279,0.0,75.61037318153068,75.61037318153068,0.0,30.998623614644018,30.998623614644018
sk,uniform,0.25,0.25,1,1,37944,250,250,9486000,66507172,annual,"2022,2023,2024,2025,2026",0.0,826.3574636306136,0.0,0.0,785.75,885.8499999999999,0.0,0.0,0,0,False,False,True,False,False,False,,,1.2616026250179857,0.5427774169947952,1.9284085829858668,4919082.026337114,628.859375,20260723T013213Z-85f136d9,8,7.232014417008031,resolution_cache,0.0097428750013932,0.1109505409840494,country,0.0,0.0,0.0,0.0,7519007.817429649,0.0,75.61037318153068,75.61037318153068,0.0,30.998623614644018,30.998623614644018
sk,uniform,2.0,0.25,8,8,37944,250,8,303552,2815766,annual,"2022,2023,2024,2025,2026",0.0,826.3574636306136,0.0,0.0,785.75,885.8499999999999,0.0,0.0,0,0,False,False,True,False,False,False,,,0.9193358750198968,0.1295488749747164,1.1672298749908805,260061.88369910567,605.84375,20260723T013213Z-85f136d9,8,6.90445470798295,resolution_cache,0.0093860420165583,0.1031530420295894,country,0.0,0.0,0.0,0.0,330186.1792279458,0.0,7.0,7.0,0.0,3.078887296833972,3.078887296833972
sk,uniform,1.0,0.25,4,4,37944,250,21,796824,6546366,annual,"2022,2023,2024,2025,2026",0.0,826.3574636306136,0.0,0.0,785.75,885.8499999999999,0.0,0.0,0,0,False,False,True,False,False,False,,,0.8766255420050584,0.1234001659904606,1.1170163750066422,713350.3302449454,603.3125,20260723T013213Z-85f136d9,8,6.970696999982465,resolution_cache,0.0093528750003315,0.1003132910118438,country,0.0,0.0,0.0,0.0,908967.3547241932,0.0,11.306767868437698,11.306767868437698,0.0,8.517219323184582,8.517219323184582
sk,capacity,0.5,0.25,2,2,37944,250,65,2466360,18427365,annual,"2022,2023,2024,2025,2026",0.0,826.3574636306136,0.0,0.0,785.75,885.8499999999999,0.0,0.0,0,0,True,False,True,False,False,False,"2022,2023,2024,2025,2026",,1.0929291250067763,0.1139946249895729,1.3327037920244038,1850643.7925366368,667.359375,20260723T013213Z-85f136d9,8,7.210862959036604,resolution_cache,0.0131017089588567,0.105775625037495,country,0.0,0.0,0.0,0.0,2256651.36335781,0.0,31.30740037950664,31.30740037950664,0.0,16.898914086845718,16.898914086845718
sk,uniform,0.5,0.25,2,2,37944,250,65,2466360,18427365,annual,"2022,2023,2024,2025,2026",0.0,826.3574636306136,0.0,0.0,785.75,885.8499999999999,0.0,0.0,0,0,False,False,True,False,False,False,,,1.1078162500052713,0.4955454160226509,1.7342172090429813,1422174.792834081,646.703125,20260723T013213Z-85f136d9,8,7.131434999988414,resolution_cache,0.0096885419916361,0.1132939580129459,country,0.0,0.0,0.0,0.0,2226325.891128844,0.0,31.30740037950664,31.30740037950664,0.0,16.898914086845718,16.898914086845718
de,uniform,0.5,0.25,2,2,37944,1462,374,14191056,100842549,annual,"2022,2023,2024,2025,2026",47326.791018342825,25020.629239721693,43410.4,50568.6,16878.836,33217.595,0.0,0.0,0,0,False,False,False,False,False,False,,,1.4359435419901274,0.4410847499966621,2.037886041973252,6963616.074556864,667.359375,20260723T013213Z-85f136d9,8,11.539782874984668,resolution_cache,0.0095911670359782,0.1476827500155195,country,0.0,0.0,0.0,0.0,9882739.52632712,190.38330170777988,214.38266919671096,229.07590132827323,84.80865718126773,99.8003890229202,119.41086195605897
de,capacity,2.0,0.25,8,8,37944,1462,30,1138320,9425745,annual,"2022,2023,2024,2025,2026",47326.791018342825,25020.629239721693,43410.4,50568.6,16878.836,33217.595,0.0,0.0,0,0,False,False,False,False,False,False,,,0.9630171250319108,0.1604214590042829,1.289655790955294,882654.1221179691,605.84375,20260723T013213Z-85f136d9,8,11.062126333999911,resolution_cache,0.0121527499868534,0.1351874580141157,country,0.0,0.0,0.0,0.0,1182035.0546334058,24.0,23.0,25.0,13.317274731413145,11.487397822294792,15.089691952720612
de,capacity,0.5,0.25,2,2,37944,1462,374,14191056,100842549,annual,"2022,2023,2024,2025,2026",47326.791018342825,25020.629239721693,43410.4,50568.6,16878.836,33217.595,0.0,0.0,0,0,False,False,False,False,False,False,,,1.309256042004563,0.1171640420216135,1.5669092089519836,9056718.742173702,617.171875,20260723T013213Z-85f136d9,8,11.262966125039384,resolution_cache,0.0105456669698469,0.1219953750260174,country,0.0,0.0,0.0,0.0,10839022.731010277,190.38330170777988,214.38266919671096,229.07590132827323,84.80865718126773,99.8003890229202,119.41086195605897
de,capacity,0.25,0.25,1,1,37944,1462,1462,55474128,369838804,annual,"2022,2023,2024,2025,2026",47326.791018342825,25020.629239721693,43410.4,50568.6,16878.836,33217.595,0.0,0.0,0,0,False,False,False,False,False,False,,,2.3370349159813486,0.1708064589765854,2.6381528329802677,21027639.986017037,624.9375,20260723T013213Z-85f136d9,8,11.806409791053738,resolution_cache,0.0144402909791097,0.109666374977678,country,0.0,0.0,0.0,0.0,23736970.132817104,488.68247944339026,729.6767868437697,778.607210626186,150.54695721426486,265.4689562449778,258.3471390064889
de,uniform,2.0,0.25,8,8,37944,1462,30,1138320,9425745,annual,"2022,2023,2024,2025,2026",47326.791018342825,25020.629239721693,43410.4,50568.6,16878.836,33217.595,0.0,0.0,0,0,False,False,False,False,False,False,,,1.1955417080316693,0.3717545419931412,1.7749701249995269,641317.8362651616,628.859375,20260723T013213Z-85f136d9,8,11.437899167009164,resolution_cache,0.0135619170032441,0.1903529170085676,country,0.0,0.0,0.0,0.0,952137.4221850624,24.0,23.0,25.0,13.317274731413145,11.487397822294792,15.089691952720612
de,uniform,1.0,0.25,4,4,37944,1462,99,3756456,28760948,annual,"2022,2023,2024,2025,2026",47326.791018342825,25020.629239721693,43410.4,50568.6,16878.836,33217.595,0.0,0.0,0,0,False,False,False,False,False,False,,,1.4021174589870498,0.4916716670268215,2.054183833010029,1828685.4076227464,646.703125,20260723T013213Z-85f136d9,8,11.582456999982242,resolution_cache,0.0132838750141672,0.1324138750205747,country,0.0,0.0,0.0,0.0,2679130.7503679655,64.0,67.3067678684377,73.0,35.45006233305726,34.9227273481223,44.497097366408575
sk,capacity,1.0,0.25,4,4,37944,250,21,796824,6546366,annual,"2022,2023,2024,2025,2026",0.0,826.3574636306136,0.0,0.0,785.75,885.8499999999999,0.0,0.0,0,0,True,False,True,False,False,False,"2022,2023,2024,2025,2026",,0.8941533750039525,0.1677878749906085,1.2015755829634145,663149.2943912973,617.171875,20260723T013213Z-85f136d9,8,6.968612957978621,resolution_cache,0.0132579999626614,0.1221015420160256,country,0.0,0.0,0.0,0.0,891149.1275157103,0.0,11.306767868437698,11.306767868437698,0.0,8.517219323184582,8.517219323184582
de,uniform,0.25,0.25,1,1,37944,1462,1462,55474128,369838804,annual,"2022,2023,2024,2025,2026",47326.791018342825,25020.629239721693,43410.4,50568.6,16878.836,33217.595,0.0,0.0,0,0,False,False,False,False,False,False,,,2.528120332979597,0.3991223750053905,3.078606041963212,18019235.73326856,699.265625,20260723T013213Z-85f136d9,8,11.992424459022004,resolution_cache,0.0148247919860295,0.1302730410243384,country,0.0,0.0,0.0,0.0,21942835.26631788,488.68247944339026,729.6767868437697,778.607210626186,150.54695721426486,265.4689562449778,258.3471390064889
de,capacity,1.0,0.25,4,4,37944,1462,99,3756456,28760948,annual,"2022,2023,2024,2025,2026",47326.791018342825,25020.629239721693,43410.4,50568.6,16878.836,33217.595,0.0,0.0,0,0,False,False,False,False,False,False,,,1.1704277499811724,0.1053543339949101,1.4080913749639876,2667764.3701184327,626.015625,20260723T013213Z-85f136d9,8,11.101601667003706,resolution_cache,0.0094383750110864,0.1182288329582661,country,0.0,0.0,0.0,0.0,3209472.7761371234,64.0,67.3067678684377,73.0,35.45006233305726,34.9227273481223,44.497097366408575
sk,capacity,2.0,0.25,8,8,37944,250,8,303552,2815766,annual,"2022,2023,2024,2025,2026",0.0,826.3574636306136,0.0,0.0,785.75,885.8499999999999,0.0,0.0,0,0,True,False,True,False,False,False,"2022,2023,2024,2025,2026",,0.8755996670224704,0.1785477919620461,1.1714630830101669,259122.12207319343,624.828125,20260723T013213Z-85f136d9,8,6.821608417027164,resolution_cache,0.0096260829595848,0.1037277079885825,country,0.0,0.0,0.0,0.0,346678.9806262112,0.0,7.0,7.0,0.0,3.078887296833972,3.078887296833972
si,capacity,0.25,0.25,1,1,37944,120,120,4553280,33289541,annual,"2022,2023,2024,2025,2026",0.0,82.51283997469956,0.0,0.0,67.8,93.6,0.0,0.0,0,0,True,False,True,False,False,False,"2022,2023,2024,2025,2026",,1.2330060829990543,0.1189566659741103,1.49633300001733,3042959.0204501706,605.84375,20260723T013213Z-85f136d9,8,11.998955167015083,resolution_cache,0.0263599580503068,0.112909292045515,country,0.0,0.0,0.0,0.0,3692828.496778383,0.0,20.690702087286528,20.690702087286528,0.0,9.376024077169866,9.376024077169866
rs,uniform,0.5,0.25,2,2,37944,342,90,3414960,25566444,annual,"2022,2023,2024,2025,2026",511.70721062618594,117.89715370018976,404.0,604.1,31.8,199.2,0.0,0.0,0,0,False,False,False,False,True,True,,,1.230517958989367,0.3235976249561645,1.6975322919897735,2011720.198852378,603.3125,20260723T013213Z-85f136d9,8,10.464271624980029,resolution_cache,0.0125750420265831,0.1242273750249296,country,0.0,0.0,0.0,0.0,2775221.5845794976,4.538266919671094,15.84313725490196,19.61227071473751,1.8827835847676555,9.044472569328544,2.7945710946431
lv,uniform,0.25,0.25,1,1,37944,372,372,14115168,94531869,annual,"2022,2023,2024,2025,2026",100.0,289.8595825426945,100.0,100.0,18.6,585.3000000000001,0.0,0.0,0,0,False,False,False,False,True,True,,,1.1503019590163603,0.3437598749878816,1.62307241698727,8696573.148720268,667.359375,20260723T013213Z-85f136d9,8,11.734338333946653,resolution_cache,0.008654250006657,0.1126863749814219,country,0.0,0.0,0.0,0.0,12270837.139206544,3.0,35.45351043643264,37.91524351676154,2.3137436372049973,15.245824200538244,12.015089209633068
lv,uniform,2.0,0.25,8,8,37944,372,8,303552,2855918,annual,"2022,2023,2024,2025,2026",100.0,289.8595825426945,100.0,100.0,18.6,585.3000000000001,0.0,0.0,0,0,False,False,False,False,True,True,,,0.8704194579622708,0.5473577499506064,1.7002538749948144,178533.33814688458,628.859375,20260723T013213Z-85f136d9,8,11.616322832996955,resolution_cache,0.0112562080030329,0.223399666021578,country,0.0,0.0,0.0,0.0,348742.20379981183,2.0,5.38393421884883,6.076533839342188,1.470588235294118,2.605996327159741,3.530445569281457
si,capacity,0.5,0.25,2,2,37944,120,32,1214208,9505078,annual,"2022,2023,2024,2025,2026",0.0,82.51283997469956,0.0,0.0,67.8,93.6,0.0,0.0,0,0,True,False,True,False,False,False,"2022,2023,2024,2025,2026",,1.062819875020068,0.1531197080039419,1.3635009169811385,890507.6519407992,624.828125,20260723T013213Z-85f136d9,8,11.7633514580084,resolution_cache,0.0151696250541135,0.1270214589894749,country,0.0,0.0,0.0,0.0,1142440.0583185118,0.0,10.845034788108793,10.845034788108793,0.0,7.5377973947177,7.5377973947177
si,capacity,1.0,0.25,4,4,37944,120,8,303552,2850399,annual,"2022,2023,2024,2025,2026",0.0,82.51283997469956,0.0,0.0,67.8,93.6,0.0,0.0,0,0,True,False,True,False,False,False,"2022,2023,2024,2025,2026",,0.9748504579765722,0.1415030840435065,1.254063084023073,242054.8087789936,646.703125,20260723T013213Z-85f136d9,8,11.656031249964144,resolution_cache,0.020384791016113,0.1131694999639876,country,0.0,0.0,0.0,0.0,311383.1434516237,0.0,5.845034788108792,5.845034788108792,0.0,4.111182774196718,4.111182774196718
si,capacity,2.0,0.25,8,8,37944,120,2,75888,1051599,annual,"2022,2023,2024,2025,2026",0.0,82.51283997469956,0.0,0.0,67.8,93.6,0.0,0.0,0,0,True,False,True,False,False,False,"2022,2023,2024,2025,2026",,0.8971975409658626,0.155547208036296,1.2200023329933174,62203.15973806886,626.015625,20260723T013213Z-85f136d9,8,11.6629805410048,resolution_cache,0.0144276249920949,0.1458983329939656,country,0.0,0.0,0.0,0.0,84583.379395249,0.0,2.0,2.0,0.0,1.7596443825265995,1.7596443825265995
si,uniform,1.0,0.25,4,4,37944,120,8,303552,2850399,annual,"2022,2023,2024,2025,2026",0.0,82.51283997469956,0.0,0.0,67.8,93.6,0.0,0.0,0,0,False,False,True,False,False,False,,,0.9110631249495782,0.1108787910197861,1.166892374982126,260137.1013369161,667.359375,20260723T013213Z-85f136d9,8,11.55487308296142,resolution_cache,0.0156362089910544,0.1245994589990004,country,0.0,0.0,0.0,0.0,333184.37733587314,0.0,5.845034788108792,5.845034788108792,0.0,4.111182774196718,4.111182774196718
rs,uniform,0.25,0.25,1,1,37944,342,342,12976848,91962675,annual,"2022,2023,2024,2025,2026",511.70721062618594,117.89715370018976,404.0,604.1,31.8,199.2,0.0,0.0,0,0,False,False,False,False,True,True,,,1.2795539170037955,0.3055501250200905,1.7184708340209909,7551392.635297696,605.84375,20260723T013213Z-85f136d9,8,10.531186916981824,resolution_cache,0.0136434579617343,0.1129783330252394,country,0.0,0.0,0.0,0.0,10141696.90511096,5.538266919671094,21.454775458570523,26.99304237824162,3.3805757510935597,11.703388120245364,5.0140107589552105
si,uniform,0.25,0.25,1,1,37944,120,120,4553280,33289541,annual,"2022,2023,2024,2025,2026",0.0,82.51283997469956,0.0,0.0,67.8,93.6,0.0,0.0,0,0,False,False,True,False,False,False,,,1.1704358750139363,0.3887902910355478,1.7079962499556132,2665860.654037343,603.3125,20260723T013213Z-85f136d9,8,11.80993862496689,resolution_cache,0.0159559169551357,0.1268220419879071,country,0.0,0.0,0.0,0.0,3890243.025869131,0.0,20.690702087286528,20.690702087286528,0.0,9.376024077169866,9.376024077169866
si,uniform,2.0,0.25,8,8,37944,120,2,75888,1051599,annual,"2022,2023,2024,2025,2026",0.0,82.51283997469956,0.0,0.0,67.8,93.6,0.0,0.0,0,0,False,False,True,False,False,False,,,0.9203561249887572,0.4004895000252872,1.565720165963285,48468.4311090233,628.859375,20260723T013213Z-85f136d9,8,11.560014084039722,resolution_cache,0.0198957080137915,0.2190255839959718,country,0.0,0.0,0.0,0.0,82455.03880460082,0.0,2.0,2.0,0.0,1.7596443825265995,1.7596443825265995
rs,capacity,1.0,0.25,4,4,37944,342,25,948600,7859636,annual,"2022,2023,2024,2025,2026",511.70721062618594,117.89715370018976,404.0,604.1,31.8,199.2,0.0,0.0,0,0,False,False,False,False,True,True,,,0.9697870000381954,0.1143203749670647,1.2195508750155568,777827.329251762,626.015625,20260723T013213Z-85f136d9,8,10.3063143750187,resolution_cache,0.0146043329732492,0.1167367500020191,country,0.0,0.0,0.0,0.0,978152.934574952,3.538266919671094,10.614168247944338,12.30740037950664,1.3866925278617943,6.109426738972037,2.039873483973229
rs,capacity,2.0,0.25,8,8,37944,342,9,341496,3170881,annual,"2022,2023,2024,2025,2026",511.70721062618594,117.89715370018976,404.0,604.1,31.8,199.2,0.0,0.0,0,0,False,False,False,False,True,True,,,0.8795574159594253,0.1208096250193193,1.1308854999952018,301972.2155792509,667.359375,20260723T013213Z-85f136d9,8,10.356185792014005,resolution_cache,0.011888374981936,0.110706209030468,country,0.0,0.0,0.0,0.0,388258.90590382274,3.0,6.0,6.0,1.1319487732386817,4.258910505130439,1.553688623763905
rs,uniform,1.0,0.25,4,4,37944,342,25,948600,7859636,annual,"2022,2023,2024,2025,2026",511.70721062618594,117.89715370018976,404.0,604.1,31.8,199.2,0.0,0.0,0,0,False,False,False,False,True,True,,,0.988285958999768,0.2816959579940885,1.4006861669477075,677239.5004565035,617.171875,20260723T013213Z-85f136d9,8,10.286852542019917,resolution_cache,0.0189719159970991,0.1081233329605311,country,0.0,0.0,0.0,0.0,959843.6478446648,3.538266919671094,10.614168247944338,12.30740037950664,1.3866925278617943,6.109426738972037,2.039873483973229
rs,capacity,0.25,0.25,1,1,37944,342,342,12976848,91962675,annual,"2022,2023,2024,2025,2026",511.70721062618594,117.89715370018976,404.0,604.1,31.8,199.2,0.0,0.0,0,0,False,False,False,False,True,True,,,1.2483964170096442,0.244220457971096,1.6289078749832695,7966594.182088587,624.828125,20260723T013213Z-85f136d9,8,10.58866837498499,resolution_cache,0.0140244580106809,0.1182367919827811,country,0.0,0.0,0.0,0.0,10394813.556966295,5.538266919671094,21.454775458570523,26.99304237824162,3.3805757510935597,11.703388120245364,5.0140107589552105
rs,uniform,2.0,0.25,8,8,37944,342,9,341496,3170881,annual,"2022,2023,2024,2025,2026",511.70721062618594,117.89715370018976,404.0,604.1,31.8,199.2,0.0,0.0,0,0,False,False,False,False,True,True,,,0.9173023749608546,0.3015875839628279,1.3376377079985105,255297.82687643872,628.859375,20260723T013213Z-85f136d9,8,10.295519582985436,resolution_cache,0.0117754159728065,0.1029585420037619,country,0.0,0.0,0.0,0.0,372282.9127250141,3.0,6.0,6.0,1.1319487732386817,4.258910505130439,1.553688623763905
rs,capacity,0.5,0.25,2,2,37944,342,90,3414960,25566444,annual,"2022,2023,2024,2025,2026",511.70721062618594,117.89715370018976,404.0,604.1,31.8,199.2,0.0,0.0,0,0,False,False,False,False,True,True,,,1.3562213749974037,0.2572347919922322,1.7419679999584332,1960403.4058498708,646.703125,20260723T013213Z-85f136d9,8,10.647065375000238,resolution_cache,0.013288874994032,0.1093675829470157,country,0.0,0.0,0.0,0.0,2517996.0019480875,4.538266919671094,15.84313725490196,19.61227071473751,1.8827835847676555,9.044472569328544,2.7945710946431
si,uniform,0.5,0.25,2,2,37944,120,32,1214208,9505078,annual,"2022,2023,2024,2025,2026",0.0,82.51283997469956,0.0,0.0,67.8,93.6,0.0,0.0,0,0,False,False,True,False,False,False,,,0.9575802920153365,0.2794050420052372,1.4286474579712376,849900.3678095966,617.171875,20260723T013213Z-85f136d9,8,11.741363457986154,resolution_cache,0.0219765829970128,0.1638634169939905,country,0.0,0.0,0.0,0.0,1267996.020933724,0.0,10.845034788108793,10.845034788108793,0.0,7.5377973947177,7.5377973947177
cz,capacity,1.0,0.25,4,4,37944,390,32,1214208,9635004,annual,"2022,2023,2024,2025,2026",145.92093611638202,2639.3001328273244,140.0,151.0,2462.11,2799.11,0.0,0.0,0,0,False,False,False,False,True,False,,,1.150956584024243,0.2164167080190964,1.5561022089677865,780288.076838747,699.296875,20260723T013213Z-85f136d9,8,10.560802749998402,resolution_cache,0.0166479999898001,0.1643736670375801,country,0.0,0.0,0.0,0.0,1054955.5186127026,5.538266919671094,18.538266919671095,19.538266919671095,4.512912442785411,11.998936506996086,12.539794772411382
cz,capacity,2.0,0.25,8,8,37944,390,8,303552,2895707,annual,"2022,2023,2024,2025,2026",145.92093611638202,2639.3001328273244,140.0,151.0,2462.11,2799.11,0.0,0.0,0,0,False,False,False,False,True,False,,,1.0984445419744588,0.2189023329992778,1.4927381669986062,203352.47447336384,624.9375,20260723T013213Z-85f136d9,8,10.465000166965185,resolution_cache,0.0172066249651834,0.1508796249981969,country,0.0,0.0,0.0,0.0,276347.13305995765,3.538266919671094,8.0,8.0,2.583599723747854,4.293885590083172,4.469931407614413
cz,capacity,0.25,0.25,1,1,37944,390,390,14798160,101753742,annual,"2022,2023,2024,2025,2026",145.92093611638202,2639.3001328273244,140.0,151.0,2462.11,2799.11,0.0,0.0,0,0,False,False,False,False,True,False,,,1.5905936250346713,0.2028195419698022,1.9811771669774316,7469377.42199841,654.796875,20260723T013213Z-85f136d9,8,10.747073083010036,resolution_cache,0.0210858329664915,0.1591931250295601,country,0.0,0.0,0.0,0.0,9303545.397824308,5.538266919671094,146.53447185325743,148.07273877292852,4.512912442785411,81.23620789654096,84.0539388653844
cz,capacity,0.5,0.25,2,2,37944,390,105,3984120,29166387,annual,"2022,2023,2024,2025,2026",145.92093611638202,2639.3001328273244,140.0,151.0,2462.11,2799.11,0.0,0.0,0,0,False,False,False,False,True,False,,,1.3444859170122072,0.2169071660027839,1.7420537080033682,2287024.7809789665,605.84375,20260723T013213Z-85f136d9,8,10.640641707985196,resolution_cache,0.0137893329956568,0.1579168330063112,country,0.0,0.0,0.0,0.0,2963303.6312152212,5.538266919671094,47.538266919671095,47.538266919671095,4.512912442785411,28.045354776832102,29.08333026802863
lv,capacity,0.5,0.25,2,2,37944,372,96,3642624,26463060,annual,"2022,2023,2024,2025,2026",100.0,289.8595825426945,100.0,100.0,18.6,585.3000000000001,0.0,0.0,0,0,False,False,False,False,True,True,,,1.0396595830097797,0.122545790974982,1.3383734169765376,2721679.879318656,617.171875,20260723T013213Z-85f136d9,8,11.878393499995582,resolution_cache,0.0094097499968484,0.1067656659870408,country,0.0,0.0,0.0,0.0,3503669.912275253,3.0,20.996204933586338,22.381404174573056,2.3137436372049973,8.181398643253628,8.880961412834226
cz,uniform,0.5,0.25,2,2,37944,390,105,3984120,29166387,annual,"2022,2023,2024,2025,2026",145.92093611638202,2639.3001328273244,140.0,151.0,2462.11,2799.11,0.0,0.0,0,0,False,False,False,False,True,False,,,1.5043163330410607,0.5839121250319295,2.2997741660219617,1732396.188662097,675.5,20260723T013213Z-85f136d9,8,9.892313083983026,resolution_cache,0.0194173749769106,0.1856362500111572,country,0.0,0.0,0.0,0.0,2648458.9128576936,5.538266919671094,47.538266919671095,47.538266919671095,4.512912442785411,28.045354776832102,29.08333026802863
cz,uniform,0.25,0.25,1,1,37944,390,390,14798160,101753742,annual,"2022,2023,2024,2025,2026",145.92093611638202,2639.3001328273244,140.0,151.0,2462.11,2799.11,0.0,0.0,0,0,False,False,False,False,True,False,,,1.7574916669982483,0.6338640410103835,2.5906024589785375,5712246.565933874,628.859375,20260723T013213Z-85f136d9,8,10.413538499968126,resolution_cache,0.0182225420139729,0.1748241250170394,country,0.0,0.0,0.0,0.0,8420045.612662781,5.538266919671094,146.53447185325743,148.07273877292852,4.512912442785411,81.23620789654096,84.0539388653844
cz,uniform,1.0,0.25,4,4,37944,390,32,1214208,9635004,annual,"2022,2023,2024,2025,2026",145.92093611638202,2639.3001328273244,140.0,151.0,2462.11,2799.11,0.0,0.0,0,0,False,False,False,False,True,False,,,1.3153542910004037,0.6412230840069242,2.1587653750320897,562454.8244303534,683.25,20260723T013213Z-85f136d9,8,10.066882207989693,resolution_cache,0.0151555410120636,0.1783013329841196,country,0.0,0.0,0.0,0.0,923103.38614285,5.538266919671094,18.538266919671095,19.538266919671095,4.512912442785411,11.998936506996086,12.539794772411382
at,uniform,2.0,0.25,8,8,37944,429,10,379440,3507859,annual,"2022,2023,2024,2025,2026",3007.1189120809613,628.7667324478178,2802.0,3090.0,296.744,826.7840000000001,0.0,0.0,0,0,False,False,False,False,False,False,,,0.9975922079756856,0.1789641669602133,1.472040708991699,257764.61050449096,742.671875,20260723T013213Z-85f136d9,8,11.741925375012215,resolution_cache,0.0101387079921551,0.2782132499851286,country,0.0,0.0,0.0,0.0,380355.8177042699,6.0,7.307400379506642,7.7691334598355475,3.472518866945366,4.592651589522983,4.1124501637524356
cz,uniform,2.0,0.25,8,8,37944,390,8,303552,2895707,annual,"2022,2023,2024,2025,2026",145.92093611638202,2639.3001328273244,140.0,151.0,2462.11,2799.11,0.0,0.0,0,0,False,False,False,False,True,False,,,1.760488332947716,0.5040501250186935,2.5845317089697346,117449.51665576748,742.671875,20260723T013213Z-85f136d9,8,9.700297707982829,resolution_cache,0.0172983329975977,0.2959640829940326,country,0.0,0.0,0.0,0.0,172424.88593590414,3.538266919671094,8.0,8.0,2.583599723747854,4.293885590083172,4.469931407614413
ro,capacity,1.0,0.25,4,4,37944,902,66,2504304,19516337,annual,"2022,2023,2024,2025,2026",5400.857685009488,2838.273042378242,5328.0,5484.0,2043.9100000000003,3507.57,0.0,0.0,0,0,False,False,False,False,False,False,,,1.514130582974758,0.2620982499793172,1.9930918750469573,1256492.001875728,605.84375,20260723T013213Z-85f136d9,8,17.61709154205164,resolution_cache,0.0182080829981714,0.1880735840531997,country,0.0,0.0,0.0,0.0,1653955.1001472303,14.538266919671097,33.538266919671095,36.769133459835544,3.3399946149839197,13.035220855592993,6.7653306762246235
ro,capacity,0.5,0.25,2,2,37944,902,231,8765064,63763041,annual,"2022,2023,2024,2025,2026",5400.857685009488,2838.273042378242,5328.0,5484.0,2043.9100000000003,3507.57,0.0,0.0,0,0,False,False,False,False,False,False,,,1.750674709037412,0.4029505419894121,2.3599385419511236,3714106.890577463,654.796875,20260723T013213Z-85f136d9,8,17.90063912497135,resolution_cache,0.018751333002001,0.1795473750098608,country,0.0,0.0,0.0,0.0,5006677.685324744,22.38330170777989,88.38203668564199,94.91967109424417,4.745875661133184,29.272802421167764,9.988162273233048
ro,capacity,0.25,0.25,1,1,37944,902,902,34225488,236087115,annual,"2022,2023,2024,2025,2026",5400.857685009488,2838.273042378242,5328.0,5484.0,2043.9100000000003,3507.57,0.0,0.0,0,0,False,False,False,False,False,False,,,2.6047065829625353,0.30111008399399,3.1231922089937143,10958495.574317336,635.90625,20260723T013213Z-85f136d9,8,18.54768541699741,resolution_cache,0.0226354579790495,0.1870812090346589,country,0.0,0.0,0.0,0.0,13139863.13232744,25.38330170777989,187.52877925363697,205.2979127134725,4.915533273957767,57.53230784158221,11.165226546278731
ro,uniform,1.0,0.25,4,4,37944,902,66,2504304,19516337,annual,"2022,2023,2024,2025,2026",5400.857685009488,2838.273042378242,5328.0,5484.0,2043.9100000000003,3507.57,0.0,0.0,0,0,False,False,False,False,False,False,,,1.8233582499669865,0.4096189169795252,2.4756349999806844,1011580.4632021842,683.25,20260723T013213Z-85f136d9,8,17.98782783304341,resolution_cache,0.0188119590166024,0.2162270830012858,country,0.0,0.0,0.0,0.0,1373456.9166785204,14.538266919671097,33.538266919671095,36.769133459835544,3.3399946149839197,13.035220855592993,6.7653306762246235
ro,uniform,2.0,0.25,8,8,37944,902,18,682992,5891130,annual,"2022,2023,2024,2025,2026",5400.857685009488,2838.273042378242,5328.0,5484.0,2043.9100000000003,3507.57,0.0,0.0,0,0,False,False,False,False,False,False,,,1.5727258329861795,0.3460817919694818,2.2287218749988824,306450.0813948992,742.671875,20260723T013213Z-85f136d9,8,17.744583583029453,resolution_cache,0.0229789589648135,0.2797190840356052,country,0.0,0.0,0.0,0.0,434272.7674938635,10.538266919671097,13.0,14.0,2.990078330209941,5.9800140507516515,5.072460387524827
ro,uniform,0.5,0.25,2,2,37944,902,231,8765064,63763041,annual,"2022,2023,2024,2025,2026",5400.857685009488,2838.273042378242,5328.0,5484.0,2043.9100000000003,3507.57,0.0,0.0,0,0,False,False,False,False,False,False,,,1.9038307500304656,0.3295057499781251,2.4696007079910487,3549182.6559809074,628.859375,20260723T013213Z-85f136d9,8,18.087017999961972,resolution_cache,0.0177581660100258,0.2028704159893095,country,0.0,0.0,0.0,0.0,4603909.24973753,22.38330170777989,88.38203668564199,94.91967109424417,4.745875661133184,29.272802421167764,9.988162273233048
ro,uniform,0.25,0.25,1,1,37944,902,902,34225488,236087115,annual,"2022,2023,2024,2025,2026",5400.857685009488,2838.273042378242,5328.0,5484.0,2043.9100000000003,3507.57,0.0,0.0,0,0,False,False,False,False,False,False,,,2.7099644580157474,0.2394980000099167,3.1638598749996163,10817637.111695455,675.5,20260723T013213Z-85f136d9,8,18.43322783400072,resolution_cache,0.0200900830095633,0.1874577910057269,country,0.0,0.0,0.0,0.0,12629497.002724571,25.38330170777989,187.52877925363697,205.2979127134725,4.915533273957767,57.53230784158221,11.165226546278731
ro,capacity,2.0,0.25,8,8,37944,902,18,682992,5891130,annual,"2022,2023,2024,2025,2026",5400.857685009488,2838.273042378242,5328.0,5484.0,2043.9100000000003,3507.57,0.0,0.0,0,0,False,False,False,False,False,False,,,1.2579335829941556,0.2915705839986913,1.7601904590264894,388021.6464630442,699.296875,20260723T013213Z-85f136d9,8,17.52569754200522,resolution_cache,0.0190399590064771,0.182403166021686,country,0.0,0.0,0.0,0.0,542947.5842232708,10.538266919671097,13.0,14.0,2.990078330209941,5.9800140507516515,5.072460387524827
at,uniform,1.0,0.25,4,4,37944,429,36,1365984,10901327,annual,"2022,2023,2024,2025,2026",3007.1189120809613,628.7667324478178,2802.0,3090.0,296.744,826.7840000000001,0.0,0.0,0,0,False,False,False,False,False,False,,,1.1939134590211324,0.0970748750260099,1.4591929170419462,936122.964994308,683.25,20260723T013213Z-85f136d9,8,12.074207041994669,resolution_cache,0.0121546249720267,0.1524719170411117,country,0.0,0.0,0.0,0.0,1144123.126914027,9.0,15.769133459835547,15.769133459835547,3.893668489677798,8.713314120868493,4.719456867016815
at,uniform,0.25,0.25,1,1,37944,429,429,16277976,115122968,annual,"2022,2023,2024,2025,2026",3007.1189120809613,628.7667324478178,2802.0,3090.0,296.744,826.7840000000001,0.0,0.0,0,0,False,False,False,False,False,False,,,1.4570757920155302,0.1618841250310652,1.7309977920376696,9403810.955089746,628.859375,20260723T013213Z-85f136d9,8,12.044805541983806,resolution_cache,0.0095157080213539,0.0939239999861456,country,0.0,0.0,0.0,0.0,11171674.177280204,24.538266919671095,77.76217583807717,86.84060721062619,7.300740623508512,26.276789432508803,9.917768869111578
fr,capacity,1.0,0.25,4,4,37944,2752,176,6678144,50911246,annual,"2022,2023,2024,2025,2026",24572.401075268815,10853.2161941809,22728.300000000003,25854.6,8829.400000000001,12553.528,0.0,0.0,0,0,False,False,False,False,False,False,,,1.2729536250117237,0.1538380000274628,1.567784583021421,4259605.606740907,624.9375,20260723T013213Z-85f136d9,8,10.712304416985717,resolution_cache,0.0097264170181006,0.1248411249835044,country,0.0,0.0,0.0,0.0,5246180.119042826,64.76913345983554,80.0,82.76913345983554,28.98288458161992,34.58172914782183,42.64273912446239
fr,capacity,2.0,0.25,8,8,37944,2752,48,1821312,14822283,annual,"2022,2023,2024,2025,2026",24572.401075268815,10853.2161941809,22728.300000000003,25854.6,8829.400000000001,12553.528,0.0,0.0,0,0,False,False,False,False,False,False,,,1.1115355840302072,0.1294149169698357,1.4376130829914473,1266899.9896760369,654.796875,20260723T013213Z-85f136d9,8,10.406687374983449,resolution_cache,0.0199363750289194,0.1714459999930113,country,0.0,0.0,0.0,0.0,1638554.8300633656,23.769133459835547,27.0,28.769133459835547,10.471487423298088,11.905241182490949,14.297505527850404
fr,capacity,0.5,0.25,2,2,37944,2752,704,26712576,189769054,annual,"2022,2023,2024,2025,2026",24572.401075268815,10853.2161941809,22728.300000000003,25854.6,8829.400000000001,12553.528,0.0,0.0,0,0,False,False,False,False,False,False,,,1.6414309999672696,0.1320629579713568,1.89824187499471,14072272.006998288,605.84375,20260723T013213Z-85f136d9,8,10.966753749991769,resolution_cache,0.0118363329675048,0.1060022090096026,country,0.0,0.0,0.0,0.0,16273956.078892536,174.92156862745097,240.99367488931057,271.53573687539534,56.53620390749285,83.62796988173109,92.71748085632916
at,uniform,0.5,0.25,2,2,37944,429,119,4515336,33780621,annual,"2022,2023,2024,2025,2026",3007.1189120809613,628.7667324478178,2802.0,3090.0,296.744,826.7840000000001,0.0,0.0,0,0,False,False,False,False,False,False,,,1.2580505420337431,0.2280984160024672,1.645011708023958,2744865.570242032,675.5,20260723T013213Z-85f136d9,8,12.124274750007316,resolution_cache,0.01330708299065,0.1013595000258646,country,0.0,0.0,0.0,0.0,3589153.0976971597,17.0,36.92156862745098,39.383301707779886,3.5787623235894954,16.205754879606737,4.620199253910544
fr,uniform,1.0,0.25,4,4,37944,2752,176,6678144,50911246,annual,"2022,2023,2024,2025,2026",24572.401075268815,10853.2161941809,22728.300000000003,25854.6,8829.400000000001,12553.528,0.0,0.0,0,0,False,False,False,False,False,False,,,1.4825400410336442,0.5298847500234842,2.167887791991234,3080484.158207301,699.296875,20260723T013213Z-85f136d9,8,10.447867500013672,resolution_cache,0.0117892500129528,0.1376648749574087,country,0.0,0.0,0.0,0.0,4504528.589557636,64.76913345983554,80.0,82.76913345983554,28.98288458161992,34.58172914782183,42.64273912446239
fr,uniform,2.0,0.25,8,8,37944,2752,48,1821312,14822283,annual,"2022,2023,2024,2025,2026",24572.401075268815,10853.2161941809,22728.300000000003,25854.6,8829.400000000001,12553.528,0.0,0.0,0,0,False,False,False,False,False,False,,,1.6148345840047114,0.2223818749771453,2.3077536249766126,789214.2299282306,675.5,20260723T013213Z-85f136d9,8,9.724593958002515,resolution_cache,0.0205270830192603,0.4449224169948138,country,0.0,0.0,0.0,0.0,1127862.889512333,23.769133459835547,27.0,28.769133459835547,10.471487423298088,11.905241182490949,14.297505527850404
fr,capacity,0.25,0.25,1,1,37944,2752,2752,104421888,702179502,annual,"2022,2023,2024,2025,2026",24572.401075268815,10853.2161941809,22728.300000000003,25854.6,8829.400000000001,12553.528,0.0,0.0,0,0,False,False,False,False,False,False,,,4.58579733298393,0.1901936670183204,4.913373542018235,21252584.829344627,675.21875,20260723T013213Z-85f136d9,8,12.004575333034154,resolution_cache,0.0101441249717026,0.1201205829856917,country,0.0,0.0,0.0,0.0,22770715.84671488,366.53447185325746,552.7330803289058,744.2061986084757,135.43347804772458,190.89384397423683,231.806873370412
fr,uniform,0.25,0.25,1,1,37944,2752,2752,104421888,702179502,annual,"2022,2023,2024,2025,2026",24572.401075268815,10853.2161941809,22728.300000000003,25854.6,8829.400000000001,12553.528,0.0,0.0,0,0,False,False,False,False,False,False,,,4.337262624991126,0.1690828750142827,4.686166082974523,22283010.49324284,742.03125,20260723T013213Z-85f136d9,8,12.184152374975383,resolution_cache,0.0178282079868949,0.1571930000209249,country,0.0,0.0,0.0,0.0,24075528.0527228,366.53447185325746,552.7330803289058,744.2061986084757,135.43347804772458,190.89384397423683,231.806873370412
at,capacity,0.5,0.25,2,2,37944,429,119,4515336,33780621,annual,"2022,2023,2024,2025,2026",3007.1189120809613,628.7667324478178,2802.0,3090.0,296.744,826.7840000000001,0.0,0.0,0,0,False,False,False,False,False,False,,,1.0620999580132775,0.119852790958248,1.30042870802572,3472190.341641316,654.796875,20260723T013213Z-85f136d9,8,11.77149533398915,resolution_cache,0.0106709169922396,0.1038270000135526,country,0.0,0.0,0.0,0.0,4251328.668203895,17.0,36.92156862745098,39.383301707779886,3.5787623235894954,16.205754879606737,4.620199253910544
at,capacity,1.0,0.25,4,4,37944,429,36,1365984,10901327,annual,"2022,2023,2024,2025,2026",3007.1189120809613,628.7667324478178,2802.0,3090.0,296.744,826.7840000000001,0.0,0.0,0,0,False,False,False,False,False,False,,,0.9431599999661556,0.1373162499512545,1.214047665998805,1125148.5738627862,605.84375,20260723T013213Z-85f136d9,8,11.91665412497241,resolution_cache,0.0104731249739415,0.115785332978703,country,0.0,0.0,0.0,0.0,1448305.6957981857,9.0,15.769133459835547,15.769133459835547,3.893668489677798,8.713314120868493,4.719456867016815
at,capacity,2.0,0.25,8,8,37944,429,10,379440,3507859,annual,"2022,2023,2024,2025,2026",3007.1189120809613,628.7667324478178,2802.0,3090.0,296.744,826.7840000000001,0.0,0.0,0,0,False,False,False,False,False,False,,,0.8502018330036663,0.1473826660076156,1.107659374945797,342560.1846403077,699.296875,20260723T013213Z-85f136d9,8,11.748221667017788,resolution_cache,0.0124927499564364,0.0933917079819366,country,0.0,0.0,0.0,0.0,446294.027218786,6.0,7.307400379506642,7.7691334598355475,3.472518866945366,4.592651589522983,4.1124501637524356
at,capacity,0.25,0.25,1,1,37944,429,429,16277976,115122968,annual,"2022,2023,2024,2025,2026",3007.1189120809613,628.7667324478178,2802.0,3090.0,296.744,826.7840000000001,0.0,0.0,0,0,False,False,False,False,False,False,,,1.3180060419836082,0.2388372079585679,1.6758445000159554,9713297.385195954,624.9375,20260723T013213Z-85f136d9,8,12.0957774160197,resolution_cache,0.0142347079818136,0.0977007080218754,country,0.0,0.0,0.0,0.0,12350456.281294078,24.538266919671095,77.76217583807717,86.84060721062619,7.300740623508512,26.276789432508803,9.917768869111578
fr,uniform,0.5,0.25,2,2,37944,2752,704,26712576,189769054,annual,"2022,2023,2024,2025,2026",24572.401075268815,10853.2161941809,22728.300000000003,25854.6,8829.400000000001,12553.528,0.0,0.0,0,0,False,False,False,False,False,False,,,1.9352841249783523,0.464255291968584,2.5569684579968452,10446971.262573533,628.859375,20260723T013213Z-85f136d9,8,10.819491458008995,resolution_cache,0.0099369160016067,0.1396879169624298,country,0.0,0.0,0.0,0.0,13802922.090470204,174.92156862745097,240.99367488931057,271.53573687539534,56.53620390749285,83.62796988173109,92.71748085632916
lv,capacity,1.0,0.25,4,4,37944,372,24,910656,7416573,annual,"2022,2023,2024,2025,2026",100.0,289.8595825426945,100.0,100.0,18.6,585.3000000000001,0.0,0.0,0,0,False,False,False,False,True,True,,,0.7679000830394216,0.2069915420142933,1.0982912500039674,829157.1111002754,603.3125,20260723T013213Z-85f136d9,8,11.735969582980031,resolution_cache,0.0092367089819163,0.110002874978818,country,0.0,0.0,0.0,0.0,1185904.2863956166,3.0,10.306135357368754,11.46046805819102,2.3137436372049973,3.4964171627138665,4.849698237404758
lt,uniform,0.5,0.25,2,2,37944,338,91,3452904,25001397,annual,"2022,2023,2024,2025,2026",922.8962681846932,553.2268817204301,547.0,1308.0,152.9,848.2,0.0,0.0,0,0,False,False,False,False,False,False,,,1.3128873750101775,0.4427312909974716,1.8841081249993297,1832646.4146006636,667.359375,20260723T013213Z-85f136d9,8,11.565497791976668,resolution_cache,0.010620083019603,0.1119688750477507,country,0.0,0.0,0.0,0.0,2630007.7719714786,10.45920303605313,29.688172043010752,31.149905123339657,6.834392486765271,14.38175206072133,12.433012703816576
lv,uniform,1.0,0.25,4,4,37944,372,24,910656,7416573,annual,"2022,2023,2024,2025,2026",100.0,289.8595825426945,100.0,100.0,18.6,585.3000000000001,0.0,0.0,0,0,False,False,False,False,True,True,,,0.7815210000262596,0.1207702499814331,1.0072228749631904,904125.6137409316,646.703125,20260723T013213Z-85f136d9,8,11.40731312497519,resolution_cache,0.0100479589891619,0.0888677079929038,country,0.0,0.0,0.0,0.0,1165235.4830764642,3.0,10.306135357368754,11.46046805819102,2.3137436372049973,3.4964171627138665,4.849698237404758
nl,capacity,1.0,0.25,4,4,37944,266,20,758880,6246334,annual,"2022,2023,2024,2025,2026",10999.684440227704,5749.6218431372545,8189.500000000001,12022.1,4819.16,6479.735000000001,0.0,0.0,0,0,False,False,False,False,False,False,,,0.8713470409857109,0.1922655419912189,1.1895715839928016,637943.9541190253,509.984375,20260723T013213Z-85f136d9,8,8.75649895798415,resolution_cache,0.0106981249991804,0.1112645000102929,country,0.0,0.0,0.0,0.0,870927.3851914587,15.0,16.0,17.0,5.120799498571431,7.0343143637327215,7.8950947606146205
nl,uniform,1.0,0.25,4,4,37944,266,20,758880,6246334,annual,"2022,2023,2024,2025,2026",10999.684440227704,5749.6218431372545,8189.500000000001,12022.1,4819.16,6479.735000000001,0.0,0.0,0,0,False,False,False,False,False,False,,,0.8733283749897964,0.5660095000057481,1.5860153749817982,478482.1206469762,538.28125,20260723T013213Z-85f136d9,8,8.493682875006925,resolution_cache,0.0088524169987067,0.0947744169970974,country,0.0,0.0,0.0,0.0,868951.4983511975,15.0,16.0,17.0,5.120799498571431,7.0343143637327215,7.8950947606146205
nl,uniform,0.25,0.25,1,1,37944,266,266,10093104,67614484,annual,"2022,2023,2024,2025,2026",10999.684440227704,5749.6218431372545,8189.500000000001,12022.1,4819.16,6479.735000000001,0.0,0.0,0,0,False,False,False,False,False,False,,,1.192965957976412,0.4417407090077176,1.7520971249905417,5760584.762134397,554.015625,20260723T013213Z-85f136d9,8,8.617101958021522,resolution_cache,0.0107194579904899,0.100079416995868,country,0.0,0.0,0.0,0.0,8460513.003338832,60.30740037950664,95.07590132827325,109.53826691967107,19.551157652748188,47.85151068456672,36.34234851055617
nl,uniform,0.5,0.25,2,2,37944,266,70,2656080,19298202,annual,"2022,2023,2024,2025,2026",10999.684440227704,5749.6218431372545,8189.500000000001,12022.1,4819.16,6479.735000000001,0.0,0.0,0,0,False,False,False,False,False,False,,,1.0826050830073657,0.5267693329951726,1.7223000000230968,1542170.3535762532,564.65625,20260723T013213Z-85f136d9,8,8.627358667028602,resolution_cache,0.012678291008342,0.0926149579463526,country,0.0,0.0,0.0,0.0,2453415.4159166547,30.769133459835547,35.769133459835544,39.769133459835544,8.31463004699186,17.08067088403932,14.179284363722225
nl,uniform,2.0,0.25,8,8,37944,266,6,227664,2267219,annual,"2022,2023,2024,2025,2026",10999.684440227704,5749.6218431372545,8189.500000000001,12022.1,4819.16,6479.735000000001,0.0,0.0,0,0,False,False,False,False,False,False,,,0.9275254579843022,0.5498333749710582,1.6196890830178745,140560.31023917667,564.8125,20260723T013213Z-85f136d9,8,8.441264291992411,resolution_cache,0.0107916250126436,0.124643291987013,country,0.0,0.0,0.0,0.0,245453.101087661,6.0,6.0,6.0,3.544045854068426,3.932697465631264,4.7236378857413195
pt,capacity,0.25,0.25,1,1,37944,368,368,13963392,95321883,annual,"2022,2023,2024,2025,2026",5714.33687539532,2353.789552814674,5586.200000000001,5754.6,1385.5280000000002,3160.092,0.0,0.0,0,0,False,False,False,False,False,False,,,1.0870857090339996,0.1855332500417716,1.4016636250307783,9962013.532093612,551.984375,20260723T013213Z-85f136d9,8,11.56848587503191,resolution_cache,0.010636708990205,0.1102036249940283,mainland_portugal,10.0,18.799999999999997,1.0,5.0,12844794.006544411,69.0,69.07463630613536,111.84566729917772,30.91502842840207,26.1082053900431,46.91023722465007
pt,capacity,1.0,0.25,4,4,37944,368,24,910656,7475353,annual,"2022,2023,2024,2025,2026",5714.33687539532,2353.789552814674,5586.200000000001,5754.6,1385.5280000000002,3160.092,0.0,0.0,0,0,False,False,False,False,False,False,,,0.8858144169789739,0.163515416032169,1.1718896250240505,777083.4219829455,540.421875,20260723T013213Z-85f136d9,8,11.321007666003425,resolution_cache,0.0089698749943636,0.1059378329664468,mainland_portugal,10.0,18.799999999999997,1.0,5.0,1028043.7781829596,16.0,13.538266919671097,18.0,6.993064288724175,8.916782062493413,9.822731019838924
pt,capacity,0.5,0.25,2,2,37944,368,96,3642624,26422593,annual,"2022,2023,2024,2025,2026",5714.33687539532,2353.789552814674,5586.200000000001,5754.6,1385.5280000000002,3160.092,0.0,0.0,0,0,False,False,False,False,False,False,,,1.010478999989573,0.1169700419995933,1.2484902080032043,2917623.203329642,548.625,20260723T013213Z-85f136d9,8,11.381776250025723,resolution_cache,0.0165981670143082,0.0973802079679444,mainland_portugal,10.0,18.799999999999997,1.0,5.0,3604848.7895716666,35.0,34.690702087286525,49.0,15.653062475566871,14.477646535311546,21.694316428445465
pt,capacity,2.0,0.25,8,8,37944,368,6,227664,2264171,annual,"2022,2023,2024,2025,2026",5714.33687539532,2353.789552814674,5586.200000000001,5754.6,1385.5280000000002,3160.092,0.0,0.0,0,0,False,False,False,False,False,False,,,0.8217213750467636,0.1631682079751044,1.1011117920279505,206758.29797508975,514.34375,20260723T013213Z-85f136d9,8,11.481391832989177,resolution_cache,0.0081243339809589,0.1007125410251319,mainland_portugal,10.0,18.799999999999997,1.0,5.0,277057.4149748068,6.0,6.0,6.0,4.253811675626898,4.129637070640339,5.028937527813367
pt,uniform,2.0,0.25,8,8,37944,368,6,227664,2264171,annual,"2022,2023,2024,2025,2026",5714.33687539532,2353.789552814674,5586.200000000001,5754.6,1385.5280000000002,3160.092,0.0,0.0,0,0,False,False,False,False,False,False,,,0.8883219580166042,0.317832458007615,1.3293545840424486,171259.04761067894,564.8125,20260723T013213Z-85f136d9,8,11.208194833016025,resolution_cache,0.0113733329926617,0.1051154999877326,mainland_portugal,10.0,18.799999999999997,1.0,5.0,256285.45815563932,6.0,6.0,6.0,4.253811675626898,4.129637070640339,5.028937527813367
pt,uniform,1.0,0.25,4,4,37944,368,24,910656,7475353,annual,"2022,2023,2024,2025,2026",5714.33687539532,2353.789552814674,5586.200000000001,5754.6,1385.5280000000002,3160.092,0.0,0.0,0,0,False,False,False,False,False,False,,,0.7959647499956191,0.2646388339926488,1.2096311670029536,752837.744960135,564.65625,20260723T013213Z-85f136d9,8,11.326240207999945,resolution_cache,0.0083123340154998,0.10371799999848,mainland_portugal,10.0,18.799999999999997,1.0,5.0,1144090.8658392376,16.0,13.538266919671097,18.0,6.993064288724175,8.916782062493413,9.822731019838924
pt,uniform,0.5,0.25,2,2,37944,368,96,3642624,26422593,annual,"2022,2023,2024,2025,2026",5714.33687539532,2353.789552814674,5586.200000000001,5754.6,1385.5280000000002,3160.092,0.0,0.0,0,0,False,False,False,False,False,False,,,0.9918769170180894,0.2682565840077586,1.3920547500019893,2616724.66545931,563.4375,20260723T013213Z-85f136d9,8,11.388930916960817,resolution_cache,0.0091716250171884,0.1167169170221313,mainland_portugal,10.0,18.799999999999997,1.0,5.0,3672455.662090549,35.0,34.690702087286525,49.0,15.653062475566871,14.477646535311546,21.694316428445465
pt,uniform,0.25,0.25,1,1,37944,368,368,13963392,95321883,annual,"2022,2023,2024,2025,2026",5714.33687539532,2353.789552814674,5586.200000000001,5754.6,1385.5280000000002,3160.092,0.0,0.0,0,0,False,False,False,False,False,False,,,1.1246767910197375,0.4186714169918559,1.6582121250103228,8420751.355869548,598.53125,20260723T013213Z-85f136d9,8,11.576390292029828,resolution_cache,0.0125207920209504,0.0957130420138128,mainland_portugal,10.0,18.799999999999997,1.0,5.0,12415470.925953291,69.0,69.07463630613536,111.84566729917772,30.91502842840207,26.1082053900431,46.91023722465007
lv,uniform,0.5,0.25,2,2,37944,372,96,3642624,26463060,annual,"2022,2023,2024,2025,2026",100.0,289.8595825426945,100.0,100.0,18.6,585.3000000000001,0.0,0.0,0,0,False,False,False,False,True,True,,,1.1956247090129182,0.3476007080171257,1.6753532500006258,2174242.3575437833,626.015625,20260723T013213Z-85f136d9,8,11.493790875014383,resolution_cache,0.014113915967755,0.1111061249976046,country,0.0,0.0,0.0,0.0,3046628.237557311,3.0,20.996204933586338,22.381404174573056,2.3137436372049973,8.181398643253628,8.880961412834226
gr,capacity,1.0,0.25,4,4,37944,1140,80,3035520,23332729,annual,"2022,2023,2024,2025,2026",5280.2767868437695,4311.571921568626,4743.3,5528.6,2512.801,5212.253,0.0,0.0,0,0,False,False,False,False,False,False,,,1.17334012495121,0.1637539170333184,1.4752092499984428,2057687.7483673615,586.359375,20260723T013213Z-85f136d9,8,11.54688545805402,resolution_cache,0.0204145830357447,0.1098470410215668,country,0.0,0.0,0.0,0.0,2587075.934291622,34.0,25.0,40.0,10.203295854260968,9.2988333055178,14.529572177879643
nl,capacity,2.0,0.25,8,8,37944,266,6,227664,2267219,annual,"2022,2023,2024,2025,2026",10999.684440227704,5749.6218431372545,8189.500000000001,12022.1,4819.16,6479.735000000001,0.0,0.0,0,0,False,False,False,False,False,False,,,0.8547020420082845,0.182245000032708,1.1705779590411112,194488.5415290861,538.5625,20260723T013213Z-85f136d9,8,8.694215625000652,resolution_cache,0.0091663329512812,0.1207306249998509,country,0.0,0.0,0.0,0.0,266366.5099770445,6.0,6.0,6.0,3.544045854068426,3.932697465631264,4.7236378857413195
gr,capacity,2.0,0.25,8,8,37944,1140,20,758880,6446967,annual,"2022,2023,2024,2025,2026",5280.2767868437695,4311.571921568626,4743.3,5528.6,2512.801,5212.253,0.0,0.0,0,0,False,False,False,False,False,False,,,0.8837076249765232,0.2300006670411676,1.2714622089988552,596856.1193789153,605.84375,20260723T013213Z-85f136d9,8,11.447394957998767,resolution_cache,0.0163814999978058,0.1331108749727718,country,0.0,0.0,0.0,0.0,858745.5608071284,16.0,9.0,17.0,4.3405375114819,3.9043333168862175,5.681110408027649
nl,capacity,0.5,0.25,2,2,37944,266,70,2656080,19298202,annual,"2022,2023,2024,2025,2026",10999.684440227704,5749.6218431372545,8189.500000000001,12022.1,4819.16,6479.735000000001,0.0,0.0,0,0,False,False,False,False,False,False,,,1.0148172499611974,0.1867627089959569,1.328091041999869,1999923.1347878196,548.625,20260723T013213Z-85f136d9,8,8.771482958982233,resolution_cache,0.009308458014857,0.113582124991808,country,0.0,0.0,0.0,0.0,2617298.8290271554,30.769133459835547,35.769133459835544,39.769133459835544,8.31463004699186,17.08067088403932,14.179284363722225
ie,uniform,2.0,0.25,8,8,37944,378,9,341496,3138237,annual,"2022,2023,2024,2025,2026",4198.2537001897535,617.0733447185326,3851.7,4381.1,238.01099999999997,862.763,0.0,0.0,0,0,False,False,False,False,False,False,,,1.005779209022876,0.3493566249962896,1.4623457919806242,233526.16178248267,550.03125,20260723T013213Z-85f136d9,8,9.774323707970323,resolution_cache,0.0097947499598376,0.0887809160049073,country,0.0,0.0,0.0,0.0,339533.7634109246,7.0,5.0,7.0,4.316046405844955,2.595006383833372,5.088173316949671
dk,capacity,0.5,0.25,2,2,37944,528,136,5160384,37080157,annual,"2022,2023,2024,2025,2026",4839.246236559139,2520.3609544592036,4642.7,5003.3,1935.385,3147.534,0.0,0.0,0,0,False,False,False,False,False,False,,,1.1093897499958985,0.1426363330101594,1.7938228329876438,2876752.3219699957,326.234375,20260723T013213Z-85f136d9,8,11.26414875005139,resolution_cache,0.4049098750110715,0.1286843749694526,country,0.0,0.0,0.0,0.0,4651551.9005102385,37.538266919671095,41.07590132827325,52.30740037950664,17.789007685242698,15.168898080803103,24.788320058428635
dk,capacity,2.0,0.25,8,8,37944,528,10,379440,3386066,annual,"2022,2023,2024,2025,2026",4839.246236559139,2520.3609544592036,4642.7,5003.3,1935.385,3147.534,0.0,0.0,0,0,False,False,False,False,False,False,,,0.9781853329623118,0.144176542002242,1.6534237910527736,229487.44420715133,270.296875,20260723T013213Z-85f136d9,8,11.24449754098896,resolution_cache,0.4026514170109294,0.1244946660008281,country,0.0,0.0,0.0,0.0,387901.9519245023,6.0,6.0,7.0,4.73116710466538,4.2533739015768885,5.299820850987769
dk,capacity,1.0,0.25,4,4,37944,528,36,1365984,10678969,annual,"2022,2023,2024,2025,2026",4839.246236559139,2520.3609544592036,4642.7,5003.3,1935.385,3147.534,0.0,0.0,0,0,False,False,False,False,False,False,,,1.0292036660248414,0.1106800410198047,1.6935987920151092,806557.0230920509,280.453125,20260723T013213Z-85f136d9,8,11.258648042043204,resolution_cache,0.4323856250266544,0.1162827080115675,country,0.0,0.0,0.0,0.0,1327224.1880714695,17.538266919671095,17.0,19.538266919671095,9.69173923286978,7.859937964507371,11.433936309008516
dk,capacity,0.25,0.25,1,1,37944,528,528,20034432,133931384,annual,"2022,2023,2024,2025,2026",4839.246236559139,2520.3609544592036,4642.7,5003.3,1935.385,3147.534,0.0,0.0,0,0,False,False,False,False,False,False,,,1.334002125018742,0.2243744999868795,2.0632321249577217,9710217.16735364,496.078125,20260723T013213Z-85f136d9,8,11.552190167014489,resolution_cache,0.3914705830393359,0.1038402079720981,country,0.0,0.0,0.0,0.0,15018290.91892828,68.84566729917773,92.3763440860215,120.91840607210628,22.45123159408219,20.95109472388924,36.10301403862579
dk,uniform,0.5,0.25,2,2,37944,528,136,5160384,37080157,annual,"2022,2023,2024,2025,2026",4839.246236559139,2520.3609544592036,4642.7,5003.3,1935.385,3147.534,0.0,0.0,0,0,False,False,False,False,False,False,,,1.0546961660147645,0.1251263750018552,1.7239190000109377,2993402.822271383,327.796875,20260723T013213Z-85f136d9,8,11.522652333020233,resolution_cache,0.4045792079996317,0.1353957499959506,country,0.0,0.0,0.0,0.0,4892768.331090871,37.538266919671095,41.07590132827325,52.30740037950664,17.789007685242698,15.168898080803103,24.788320058428635
dk,uniform,1.0,0.25,4,4,37944,528,36,1365984,10678969,annual,"2022,2023,2024,2025,2026",4839.246236559139,2520.3609544592036,4642.7,5003.3,1935.385,3147.534,0.0,0.0,0,0,False,False,False,False,False,False,,,0.9978385000140406,0.1461855000234209,1.6695586669957263,818170.7100224328,278.953125,20260723T013213Z-85f136d9,8,11.549624874955043,resolution_cache,0.4080640419851988,0.1132204590248875,country,0.0,0.0,0.0,0.0,1368942.97021089,17.538266919671095,17.0,19.538266919671095,9.69173923286978,7.859937964507371,11.433936309008516
dk,uniform,2.0,0.25,8,8,37944,528,10,379440,3386066,annual,"2022,2023,2024,2025,2026",4839.246236559139,2520.3609544592036,4642.7,5003.3,1935.385,3147.534,0.0,0.0,0,0,False,False,False,False,False,False,,,0.9502569159958512,0.1392184169963002,1.5937992919934914,238072.63681577137,262.515625,20260723T013213Z-85f136d9,8,11.6494232910336,resolution_cache,0.3915105420164764,0.1090022079879418,country,0.0,0.0,0.0,0.0,399302.5397793123,6.0,6.0,7.0,4.73116710466538,4.2533739015768885,5.299820850987769
dk,uniform,0.25,0.25,1,1,37944,528,528,20034432,133931384,annual,"2022,2023,2024,2025,2026",4839.246236559139,2520.3609544592036,4642.7,5003.3,1935.385,3147.534,0.0,0.0,0,0,False,False,False,False,False,False,,,1.494854332995601,0.6505854169954546,2.6723481669905595,7496939.301349192,490.109375,20260723T013213Z-85f136d9,8,11.753618374990763,resolution_cache,0.4145917079877108,0.1051062920014374,country,0.0,0.0,0.0,0.0,13402263.724153085,68.84566729917773,92.3763440860215,120.91840607210628,22.45123159408219,20.95109472388924,36.10301403862579
ie,capacity,1.0,0.25,4,4,37944,378,30,1138320,8949067,annual,"2022,2023,2024,2025,2026",4198.2537001897535,617.0733447185326,3851.7,4381.1,238.01099999999997,862.763,0.0,0.0,0,0,False,False,False,False,False,False,,,0.8792762919911183,0.1417141249985434,1.1282219579443336,1008950.4037610342,521.203125,20260723T013213Z-85f136d9,8,9.38078441703692,resolution_cache,0.0085584170301444,0.0884650829830207,country,0.0,0.0,0.0,0.0,1294610.1360498166,17.0,8.538266919671095,17.0,8.167180492314548,2.7470849689181422,9.487759586286224
ie,capacity,2.0,0.25,8,8,37944,378,9,341496,3138237,annual,"2022,2023,2024,2025,2026",4198.2537001897535,617.0733447185326,3851.7,4381.1,238.01099999999997,862.763,0.0,0.0,0,0,False,False,False,False,False,False,,,0.8167477080132812,0.1007457500090822,1.0306824579602107,331329.9817635815,548.625,20260723T013213Z-85f136d9,8,9.332056291983465,resolution_cache,0.0100547500187531,0.0991981250117532,country,0.0,0.0,0.0,0.0,418116.8758106229,7.0,5.0,7.0,4.316046405844955,2.595006383833372,5.088173316949671
ie,capacity,0.5,0.25,2,2,37944,378,99,3756456,26728775,annual,"2022,2023,2024,2025,2026",4198.2537001897535,617.0733447185326,3851.7,4381.1,238.01099999999997,862.763,0.0,0.0,0,0,False,False,False,False,False,False,,,1.0348406249540858,0.1022285840008407,1.25889004196506,2983942.8979328275,506.09375,20260723T013213Z-85f136d9,8,9.596927000035066,resolution_cache,0.0125424159923568,0.1052575830253772,country,0.0,0.0,0.0,0.0,3629985.052207114,37.538266919671095,14.614800759013283,43.538266919671095,16.659683434708167,3.8106170396458783,19.196135657007183
ie,capacity,0.25,0.25,1,1,37944,378,378,14342832,95464660,annual,"2022,2023,2024,2025,2026",4198.2537001897535,617.0733447185326,3851.7,4381.1,238.01099999999997,862.763,0.0,0.0,0,0,False,False,False,False,False,False,,,1.1148418340017088,0.1135770830442197,1.334651167038828,10746502.42266842,535.875,20260723T013213Z-85f136d9,8,9.672130083024967,resolution_cache,0.01106362498831,0.0915001250104978,country,0.0,0.0,0.0,0.0,12865351.44498176,67.61480075901328,22.69133459835547,80.15306767868438,33.52484101136004,5.839182452366452,38.5261135360942
ie,uniform,0.5,0.25,2,2,37944,378,99,3756456,26728775,annual,"2022,2023,2024,2025,2026",4198.2537001897535,617.0733447185326,3851.7,4381.1,238.01099999999997,862.763,0.0,0.0,0,0,False,False,False,False,False,False,,,1.1492397090187296,0.403260167047847,1.6734655000036582,2244716.727050416,513.515625,20260723T013213Z-85f136d9,8,9.686299833003432,resolution_cache,0.0116485420148819,0.1028925830032676,country,0.0,0.0,0.0,0.0,3268644.4529552707,37.538266919671095,14.614800759013283,43.538266919671095,16.659683434708167,3.8106170396458783,19.196135657007183
ie,uniform,0.25,0.25,1,1,37944,378,378,14342832,95464660,annual,"2022,2023,2024,2025,2026",4198.2537001897535,617.0733447185326,3851.7,4381.1,238.01099999999997,862.763,0.0,0.0,0,0,False,False,False,False,False,False,,,1.2449110839515924,0.2783449590206146,1.634399791015312,8775595.835759396,559.125,20260723T013213Z-85f136d9,8,9.788964584004134,resolution_cache,0.0145672079524956,0.0900271669961512,country,0.0,0.0,0.0,0.0,11521169.812765287,67.61480075901328,22.69133459835547,80.15306767868438,33.52484101136004,5.839182452366452,38.5261135360942
ie,uniform,1.0,0.25,4,4,37944,378,30,1138320,8949067,annual,"2022,2023,2024,2025,2026",4198.2537001897535,617.0733447185326,3851.7,4381.1,238.01099999999997,862.763,0.0,0.0,0,0,False,False,False,False,False,False,,,1.024902666977141,0.3527626659488305,1.4961048330296762,760855.7735187938,517.515625,20260723T013213Z-85f136d9,8,9.679154709039722,resolution_cache,0.0109350829734466,0.1015720830182544,country,0.0,0.0,0.0,0.0,1110661.564924378,17.0,8.538266919671095,17.0,8.167180492314548,2.7470849689181422,9.487759586286224
nl,capacity,0.25,0.25,1,1,37944,266,266,10093104,67614484,annual,"2022,2023,2024,2025,2026",10999.684440227704,5749.6218431372545,8189.500000000001,12022.1,4819.16,6479.735000000001,0.0,0.0,0,0,False,False,False,False,False,False,,,1.0315348340081982,0.1692342080059461,1.3059190830099396,7728736.130217939,527.40625,20260723T013213Z-85f136d9,8,8.69215791602619,resolution_cache,0.0123773340019397,0.089036124991253,country,0.0,0.0,0.0,0.0,9784549.844799312,60.30740037950664,95.07590132827325,109.53826691967107,19.551157652748188,47.85151068456672,36.34234851055617
gr,capacity,0.25,0.25,1,1,37944,1140,1140,43256160,291045860,annual,"2022,2023,2024,2025,2026",5280.2767868437695,4311.571921568626,4743.3,5528.6,2512.801,5212.253,0.0,0.0,0,0,False,False,False,False,False,False,,,1.9665200829622336,0.3669637500424869,2.4803796670166776,17439330.18610298,622.03125,20260723T013213Z-85f136d9,8,11.926798874977976,resolution_cache,0.0140122089651413,0.1295090829953551,country,0.0,0.0,0.0,0.0,21996297.10104045,107.38330170777988,158.6888045540797,225.0740037950664,32.81237782486259,27.112914600857717,54.70636319092796
gr,capacity,0.5,0.25,2,2,37944,1140,285,10814040,76518363,annual,"2022,2023,2024,2025,2026",5280.2767868437695,4311.571921568626,4743.3,5528.6,2512.801,5212.253,0.0,0.0,0,0,False,False,False,False,False,False,,,1.2344812910305336,0.1560935000306926,1.5241472920170054,7095141.038297593,604.671875,20260723T013213Z-85f136d9,8,11.503349874983542,resolution_cache,0.011768874945119,0.112939250015188,country,0.0,0.0,0.0,0.0,8759986.950448263,68.61416824794433,64.30740037950665,100.76913345983554,17.679038552384746,14.918459529248263,27.148902957058908
gr,uniform,0.5,0.25,2,2,37944,1140,285,10814040,76518363,annual,"2022,2023,2024,2025,2026",5280.2767868437695,4311.571921568626,4743.3,5528.6,2512.801,5212.253,0.0,0.0,0,0,False,False,False,False,False,False,,,1.3953312080120668,0.4808518330100924,2.029184125014581,5329255.175363791,608.40625,20260723T013213Z-85f136d9,8,11.719701334019192,resolution_cache,0.0169641249813139,0.1307645419728942,country,0.0,0.0,0.0,0.0,7750159.917520085,68.61416824794433,64.30740037950665,100.76913345983554,17.679038552384746,14.918459529248263,27.148902957058908
hr,capacity,0.25,0.25,1,1,37944,494,494,18744336,130345807,annual,"2022,2023,2024,2025,2026",1022.9506641366224,218.38361796331435,954.0,1095.0,105.8,271.59999999999997,0.0,0.0,0,0,False,False,False,False,False,False,,,1.260181375022512,0.1181501249666325,1.4942649170407094,12544185.295551132,612.453125,20260723T013213Z-85f136d9,8,12.17565316701075,resolution_cache,0.0134089170023798,0.0965249160071834,country,0.0,0.0,0.0,0.0,14874316.008412004,16.538266919671095,38.69006957621758,50.6135357368754,10.358951218373637,23.62135686706984,14.191694341628477
gr,uniform,1.0,0.25,4,4,37944,1140,80,3035520,23332729,annual,"2022,2023,2024,2025,2026",5280.2767868437695,4311.571921568626,4743.3,5528.6,2512.801,5212.253,0.0,0.0,0,0,False,False,False,False,False,False,,,1.3119890000089072,0.4298872079816647,1.8710176669992509,1622389.8114593355,626.015625,20260723T013213Z-85f136d9,8,11.590821792022323,resolution_cache,0.0164212500094436,0.1085507500101812,country,0.0,0.0,0.0,0.0,2313677.9347840506,34.0,25.0,40.0,10.203295854260968,9.2988333055178,14.529572177879643
hr,uniform,0.25,0.25,1,1,37944,494,494,18744336,130345807,annual,"2022,2023,2024,2025,2026",1022.9506641366224,218.38361796331435,954.0,1095.0,105.8,271.59999999999997,0.0,0.0,0,0,False,False,False,False,False,False,,,1.4144576250109822,0.4092265830258839,1.9594357080059128,9566190.880065069,640.953125,20260723T013213Z-85f136d9,8,12.083147583995014,resolution_cache,0.0165897500119172,0.1158011250081472,country,0.0,0.0,0.0,0.0,13251960.093081236,16.538266919671095,38.69006957621758,50.6135357368754,10.358951218373637,23.62135686706984,14.191694341628477
hr,uniform,2.0,0.25,8,8,37944,494,12,455328,4079691,annual,"2022,2023,2024,2025,2026",1022.9506641366224,218.38361796331435,954.0,1095.0,105.8,271.59999999999997,0.0,0.0,0,0,False,False,False,False,False,False,,,1.0269322919775732,0.4428060000063851,1.6088968330295756,283006.33741854713,626.015625,20260723T013213Z-85f136d9,8,11.939947250008116,resolution_cache,0.0125384170096367,0.1210502500180155,country,0.0,0.0,0.0,0.0,443386.58308540535,4.0,6.307400379506642,7.307400379506642,2.4467718457261487,3.8516370353265303,3.0203339835999117
hr,uniform,0.5,0.25,2,2,37944,494,130,4932720,36236740,annual,"2022,2023,2024,2025,2026",1022.9506641366224,218.38361796331435,954.0,1095.0,105.8,271.59999999999997,0.0,0.0,0,0,False,False,False,False,False,False,,,1.2679755829740316,0.397516957949847,1.7864327499992214,2761212.2538629845,667.359375,20260723T013213Z-85f136d9,8,12.0683668749989,resolution_cache,0.0121799579937942,0.1028446250129491,country,0.0,0.0,0.0,0.0,3890232.640308676,10.538266919671097,21.46046805819102,27.922201138519924,6.63797285167841,14.548766329853208,8.816437945477668
bg,capacity,0.5,0.25,2,2,37944,378,98,3718512,27428426,annual,"2022,2023,2024,2025,2026",608.0,2800.8305736875395,608.0,608.0,1829.997,3420.1769999999997,0.0,0.0,0,0,False,False,False,False,False,False,,,0.9744423749507404,0.1764403749839402,1.381512541032862,2691623.774345128,624.828125,20260723T013213Z-85f136d9,8,9.98834383295616,resolution_cache,0.0185734999831765,0.2033543330035172,country,0.0,0.0,0.0,0.0,3816040.9436093913,4.0,53.30740037950664,54.30740037950664,1.865256529285916,21.71685561622111,18.7704544720752
bg,capacity,2.0,0.25,8,8,37944,378,8,303552,2885539,annual,"2022,2023,2024,2025,2026",608.0,2800.8305736875395,608.0,608.0,1829.997,3420.1769999999997,0.0,0.0,0,0,False,False,False,False,False,False,,,0.7833044169819914,0.1703095000120811,1.1732524169492535,258726.9334499308,617.171875,20260723T013213Z-85f136d9,8,9.921770833956543,resolution_cache,0.0161372079746797,0.1957694590091705,country,0.0,0.0,0.0,0.0,387527.4968696862,3.0,7.0,7.0,1.8243840808591285,3.768166236817736,4.588372688533429
bg,capacity,0.25,0.25,1,1,37944,378,378,14342832,100759560,annual,"2022,2023,2024,2025,2026",608.0,2800.8305736875395,608.0,608.0,1829.997,3420.1769999999997,0.0,0.0,0,0,False,False,False,False,False,False,,,1.189142625022214,0.1104255000245757,1.5080085420049727,9511107.928427571,603.3125,20260723T013213Z-85f136d9,8,10.196491541981231,resolution_cache,0.016147667018231,0.1837726249941624,country,0.0,0.0,0.0,0.0,12061490.100678263,6.0,141.07273877292852,144.07273877292852,3.329046667026891,35.16503223588139,33.12139312608922
bg,capacity,1.0,0.25,4,4,37944,378,28,1062432,8706276,annual,"2022,2023,2024,2025,2026",608.0,2800.8305736875395,608.0,608.0,1829.997,3420.1769999999997,0.0,0.0,0,0,False,False,False,False,False,False,,,0.8994321249774657,0.1713892089901492,1.2865150000434369,825821.6965710691,605.84375,20260723T013213Z-85f136d9,8,10.101969208975788,resolution_cache,0.0139246659819036,0.1976397079997696,country,0.0,0.0,0.0,0.0,1181225.3203949304,3.0,19.769133459835547,20.769133459835547,1.8243840808591285,7.653623294162711,8.4899058001001
bg,uniform,2.0,0.25,8,8,37944,378,8,303552,2885539,annual,"2022,2023,2024,2025,2026",608.0,2800.8305736875395,608.0,608.0,1829.997,3420.1769999999997,0.0,0.0,0,0,False,False,False,False,False,False,,,0.7190699999919161,0.1298529169871471,1.0137413329794072,299437.33191568137,667.359375,20260723T013213Z-85f136d9,8,9.751206291955896,resolution_cache,0.0113742499961517,0.1470498749986291,country,0.0,0.0,0.0,0.0,422145.2709797552,3.0,7.0,7.0,1.8243840808591285,3.768166236817736,4.588372688533429
bg,uniform,1.0,0.25,4,4,37944,378,28,1062432,8706276,annual,"2022,2023,2024,2025,2026",608.0,2800.8305736875395,608.0,608.0,1829.997,3420.1769999999997,0.0,0.0,0,0,False,False,False,False,False,False,,,0.8131761249969713,0.2556972919846885,1.2635994169977494,840798.1087268041,626.015625,20260723T013213Z-85f136d9,8,9.849596417043358,resolution_cache,0.0114339999854564,0.1783226249972358,country,0.0,0.0,0.0,0.0,1306521.3885908874,3.0,19.769133459835547,20.769133459835547,1.8243840808591285,7.653623294162711,8.4899058001001
bg,uniform,0.5,0.25,2,2,37944,378,98,3718512,27428426,annual,"2022,2023,2024,2025,2026",608.0,2800.8305736875395,608.0,608.0,1829.997,3420.1769999999997,0.0,0.0,0,0,False,False,False,False,False,False,,,1.1005206670379266,0.4655756669817492,1.7597327919793315,2113111.7275012257,646.703125,20260723T013213Z-85f136d9,8,9.928323749976698,resolution_cache,0.0166330829961225,0.1716524590156041,country,0.0,0.0,0.0,0.0,3378866.1234399616,4.0,53.30740037950664,54.30740037950664,1.865256529285916,21.71685561622111,18.7704544720752
bg,uniform,0.25,0.25,1,1,37944,378,378,14342832,100759560,annual,"2022,2023,2024,2025,2026",608.0,2800.8305736875395,608.0,608.0,1829.997,3420.1769999999997,0.0,0.0,0,0,False,False,False,False,False,False,,,1.3223661659867505,0.513755708001554,2.0123820829903707,7127290.647850908,626.9375,20260723T013213Z-85f136d9,8,10.204665334022138,resolution_cache,0.0160256249946542,0.1533023330266587,country,0.0,0.0,0.0,0.0,10846339.212934544,6.0,141.07273877292852,144.07273877292852,3.329046667026891,35.16503223588139,33.12139312608922
lv,capacity,2.0,0.25,8,8,37944,372,8,303552,2855918,annual,"2022,2023,2024,2025,2026",100.0,289.8595825426945,100.0,100.0,18.6,585.3000000000001,0.0,0.0,0,0,False,False,False,False,True,True,,,0.7408555000438355,0.2011640410055406,1.0775505420169793,281705.5796118906,605.84375,20260723T013213Z-85f136d9,8,11.521114292030688,resolution_cache,0.0151167080039158,0.1120640410226769,country,0.0,0.0,0.0,0.0,409731.72228867735,2.0,5.38393421884883,6.076533839342188,1.470588235294118,2.605996327159741,3.530445569281457
lv,capacity,0.25,0.25,1,1,37944,372,372,14115168,94531869,annual,"2022,2023,2024,2025,2026",100.0,289.8595825426945,100.0,100.0,18.6,585.3000000000001,0.0,0.0,0,0,False,False,False,False,True,True,,,1.1001115840044804,0.1139718750491738,1.3988459579995831,10090580.68136778,624.828125,20260723T013213Z-85f136d9,8,11.71407749998616,resolution_cache,0.066697959031444,0.1101447920082137,country,0.0,0.0,0.0,0.0,12830669.365938168,3.0,35.45351043643264,37.91524351676154,2.3137436372049973,15.245824200538244,12.015089209633068
hr,capacity,0.5,0.25,2,2,37944,494,130,4932720,36236740,annual,"2022,2023,2024,2025,2026",1022.9506641366224,218.38361796331435,954.0,1095.0,105.8,271.59999999999997,0.0,0.0,0,0,False,False,False,False,False,False,,,1.1668276250129566,0.1067286249599419,1.4057520829956047,3508954.4306337144,605.84375,20260723T013213Z-85f136d9,8,11.98255891702138,resolution_cache,0.0109866670100018,0.1136602499755099,country,0.0,0.0,0.0,0.0,4227462.475397963,10.538266919671097,21.46046805819102,27.922201138519924,6.63797285167841,14.548766329853208,8.816437945477668
hr,capacity,1.0,0.25,4,4,37944,494,35,1328040,10729929,annual,"2022,2023,2024,2025,2026",1022.9506641366224,218.38361796331435,954.0,1095.0,105.8,271.59999999999997,0.0,0.0,0,0,False,False,False,False,False,False,,,0.9129419579985552,0.2435382499825209,1.2828472909750417,1035228.440160332,624.828125,20260723T013213Z-85f136d9,8,11.90168295800686,resolution_cache,0.013821915956214,0.1040895839687436,country,0.0,0.0,0.0,0.0,1454681.7444029688,5.0,13.30740037950664,15.30740037950664,4.141518493577335,7.339418252129095,5.336091263790401
hr,uniform,1.0,0.25,4,4,37944,494,35,1328040,10729929,annual,"2022,2023,2024,2025,2026",1022.9506641366224,218.38361796331435,954.0,1095.0,105.8,271.59999999999997,0.0,0.0,0,0,False,False,False,False,False,False,,,1.0267417920404114,0.2950609580148011,1.4430916670244187,920274.1796287624,608.40625,20260723T013213Z-85f136d9,8,11.904365541995505,resolution_cache,0.0157176249776966,0.1016193749965168,country,0.0,0.0,0.0,0.0,1293450.8074915586,5.0,13.30740037950664,15.30740037950664,4.141518493577335,7.339418252129095,5.336091263790401
lt,uniform,2.0,0.25,8,8,37944,338,8,303552,2868873,annual,"2022,2023,2024,2025,2026",922.8962681846932,553.2268817204301,547.0,1308.0,152.9,848.2,0.0,0.0,0,0,False,False,False,False,False,False,,,1.2601775000221096,0.3888529170071706,1.835860292019788,165345.915111022,626.015625,20260723T013213Z-85f136d9,8,11.54578174999915,resolution_cache,0.0095370000344701,0.1702697089640423,country,0.0,0.0,0.0,0.0,240880.3521683844,5.076533839342188,5.538266919671094,6.0,3.447821309335128,4.3324911214838835,4.688586701841458
gr,uniform,2.0,0.25,8,8,37944,1140,20,758880,6446967,annual,"2022,2023,2024,2025,2026",5280.2767868437695,4311.571921568626,4743.3,5528.6,2512.801,5212.253,0.0,0.0,0,0,False,False,False,False,False,False,,,1.3620347079704516,0.3929570829495787,1.89975358301308,399462.3338445758,616.25,20260723T013213Z-85f136d9,8,11.543458792031744,resolution_cache,0.0148782090400345,0.1247926659998484,country,0.0,0.0,0.0,0.0,557166.418417337,16.0,9.0,17.0,4.3405375114819,3.9043333168862175,5.681110408027649
gr,uniform,0.25,0.25,1,1,37944,1140,1140,43256160,291045860,annual,"2022,2023,2024,2025,2026",5280.2767868437695,4311.571921568626,4743.3,5528.6,2512.801,5212.253,0.0,0.0,0,0,False,False,False,False,False,False,,,2.113164875016082,0.1243767500272952,2.4053968749940395,17982961.75141875,666.59375,20260723T013213Z-85f136d9,8,11.968627625028605,resolution_cache,0.0181602090015076,0.1423435420147143,country,0.0,0.0,0.0,0.0,20469846.20623642,107.38330170777988,158.6888045540797,225.0740037950664,32.81237782486259,27.112914600857717,54.70636319092796
be,capacity,1.0,0.25,4,4,37944,198,15,569160,4832034,annual,"2022,2023,2024,2025,2026",3883.5426944971537,793.8605351043643,3771.0,3966.0,685.5,885.106,0.0,0.0,0,0,False,False,False,False,False,False,,,0.8396504580159672,0.177496374992188,1.1349999170051888,501462.5917346195,605.84375,20260723T013213Z-85f136d9,8,10.318333707982674,resolution_cache,0.0097944169538095,0.1013051660265773,country,0.0,0.0,0.0,0.0,677853.4979244621,10.0,11.0,11.0,2.7384395040081646,5.932682959274617,3.5830643712939563
be,capacity,0.5,0.25,2,2,37944,198,54,2048976,15105522,annual,"2022,2023,2024,2025,2026",3883.5426944971537,793.8605351043643,3771.0,3966.0,685.5,885.106,0.0,0.0,0,0,False,False,False,False,False,False,,,0.9941857090452686,0.1054529169923625,1.2389272919972427,1653830.707609079,586.359375,20260723T013213Z-85f136d9,8,10.471617333008908,resolution_cache,0.0123699579853564,0.1195602089865133,country,0.0,0.0,0.0,0.0,2060959.015361086,22.0,22.075901328273243,26.075901328273243,4.841284634591677,10.37140741968604,6.573606059620406
hr,capacity,2.0,0.25,8,8,37944,494,12,455328,4079691,annual,"2022,2023,2024,2025,2026",1022.9506641366224,218.38361796331435,954.0,1095.0,105.8,271.59999999999997,0.0,0.0,0,0,False,False,False,False,False,False,,,0.8531647089985199,0.222164332983084,1.2136957499897107,375158.27175291674,586.359375,20260723T013213Z-85f136d9,8,11.828841125010513,resolution_cache,0.0136317090364173,0.116623707988765,country,0.0,0.0,0.0,0.0,533692.9612741283,4.0,6.307400379506642,7.307400379506642,2.4467718457261487,3.8516370353265303,3.0203339835999117
be,capacity,0.25,0.25,1,1,37944,198,198,7512912,50909847,annual,"2022,2023,2024,2025,2026",3883.5426944971537,793.8605351043643,3771.0,3966.0,685.5,885.106,0.0,0.0,0,0,False,False,False,False,False,False,,,1.0504429999855347,0.2105561669450253,1.3886726250057109,5410139.052729655,604.671875,20260723T013213Z-85f136d9,8,10.713823917030822,resolution_cache,0.012776167015545,0.106245458999183,country,0.0,0.0,0.0,0.0,7152136.765253763,43.84503478810879,54.765338393421885,69.92093611638204,5.658599110473329,22.409409936909363,7.958206371625611
be,uniform,1.0,0.25,4,4,37944,198,15,569160,4832034,annual,"2022,2023,2024,2025,2026",3883.5426944971537,793.8605351043643,3771.0,3966.0,685.5,885.106,0.0,0.0,0,0,False,False,False,False,False,False,,,0.9196320839691908,0.269718625000678,1.3176595420227386,431947.6935038035,616.25,20260723T013213Z-85f136d9,8,10.33600487501826,resolution_cache,0.0151416250155307,0.1096668750396929,country,0.0,0.0,0.0,0.0,618899.6772964565,10.0,11.0,11.0,2.7384395040081646,5.932682959274617,3.5830643712939563
be,uniform,2.0,0.25,8,8,37944,198,6,227664,2252573,annual,"2022,2023,2024,2025,2026",3883.5426944971537,793.8605351043643,3771.0,3966.0,685.5,885.106,0.0,0.0,0,0,False,False,False,False,False,False,,,1.0497159590013323,0.3908516249503009,1.587999542010948,143365.2806421467,667.359375,20260723T013213Z-85f136d9,8,10.33074508298887,resolution_cache,0.0093541250098496,0.1302492089453153,country,0.0,0.0,0.0,0.0,216881.52690046985,5.0,5.0,5.0,2.2137825950262973,3.274684331636184,2.4650103610675016
be,capacity,2.0,0.25,8,8,37944,198,6,227664,2252573,annual,"2022,2023,2024,2025,2026",3883.5426944971537,793.8605351043643,3771.0,3966.0,685.5,885.106,0.0,0.0,0,0,False,False,False,False,False,False,,,0.800268082995899,0.1411767500103451,1.0773793749976903,211312.75136995089,624.828125,20260723T013213Z-85f136d9,8,10.292004416987766,resolution_cache,0.0103723329957574,0.1207652079756371,country,0.0,0.0,0.0,0.0,284484.66812235303,5.0,5.0,5.0,2.2137825950262973,3.274684331636184,2.4650103610675016
be,uniform,0.25,0.25,1,1,37944,198,198,7512912,50909847,annual,"2022,2023,2024,2025,2026",3883.5426944971537,793.8605351043643,3771.0,3966.0,685.5,885.106,0.0,0.0,0,0,False,False,False,False,False,False,,,1.1607995000085791,0.3829797080252319,1.6809097499935888,4469551.086861538,626.015625,20260723T013213Z-85f136d9,8,10.714297124999575,resolution_cache,0.014099583029747,0.1159887500107288,country,0.0,0.0,0.0,0.0,6472187.487972275,43.84503478810879,54.765338393421885,69.92093611638204,5.658599110473329,22.409409936909363,7.958206371625611
lt,capacity,2.0,0.25,8,8,37944,338,8,303552,2868873,annual,"2022,2023,2024,2025,2026",922.8962681846932,553.2268817204301,547.0,1308.0,152.9,848.2,0.0,0.0,0,0,False,False,False,False,False,False,,,0.7869324999628589,0.1563852920080535,1.066802249988541,284543.8318144348,604.671875,20260723T013213Z-85f136d9,8,11.46268662501825,resolution_cache,0.0107442500302568,0.1045911660185083,country,0.0,0.0,0.0,0.0,385740.8354774099,5.076533839342188,5.538266919671094,6.0,3.447821309335128,4.3324911214838835,4.688586701841458
lt,capacity,0.25,0.25,1,1,37944,338,338,12825072,84921362,annual,"2022,2023,2024,2025,2026",922.8962681846932,553.2268817204301,547.0,1308.0,152.9,848.2,0.0,0.0,0,0,False,False,False,False,False,False,,,1.0868939170031808,0.1360318749793805,1.3530383339966647,9478720.356811129,605.84375,20260723T013213Z-85f136d9,8,11.8059677919955,resolution_cache,0.0181032919790595,0.1042803330346942,country,0.0,0.0,0.0,0.0,11799745.862376068,13.228336495888678,49.75711574952562,57.91208096141683,8.881123329108764,20.643445629819492,18.02593626647445
lt,capacity,1.0,0.25,4,4,37944,338,28,1062432,8440305,annual,"2022,2023,2024,2025,2026",922.8962681846932,553.2268817204301,547.0,1308.0,152.9,848.2,0.0,0.0,0,0,False,False,False,False,False,False,,,0.8738102090428583,0.1133583749760873,1.117075374990236,951083.5381267682,624.828125,20260723T013213Z-85f136d9,8,11.54712541704066,resolution_cache,0.0130608340259641,0.109396582993213,country,0.0,0.0,0.0,0.0,1215861.280865271,7.845667299177736,13.769133459835547,13.769133459835547,5.126674977382858,7.1684030923043105,7.974889308850594
lt,capacity,0.5,0.25,2,2,37944,338,91,3452904,25001397,annual,"2022,2023,2024,2025,2026",922.8962681846932,553.2268817204301,547.0,1308.0,152.9,848.2,0.0,0.0,0,0,False,False,False,False,False,False,,,1.0473498749779535,0.1094531660201028,1.284335500036832,2688475.0907383454,586.359375,20260723T013213Z-85f136d9,8,11.750042625004426,resolution_cache,0.0100251249969005,0.1110770000377669,country,0.0,0.0,0.0,0.0,3296800.890029879,10.45920303605313,29.688172043010752,31.149905123339657,6.834392486765271,14.38175206072133,12.433012703816576
lt,uniform,0.25,0.25,1,1,37944,338,338,12825072,84921362,annual,"2022,2023,2024,2025,2026",922.8962681846932,553.2268817204301,547.0,1308.0,152.9,848.2,0.0,0.0,0,0,False,False,False,False,False,False,,,1.173480958037544,0.5629621249972843,1.8678524999995716,6866212.401676761,616.25,20260723T013213Z-85f136d9,8,11.635247833037283,resolution_cache,0.0124510419555008,0.1107758330181241,country,0.0,0.0,0.0,0.0,10929084.031706698,13.228336495888678,49.75711574952562,57.91208096141683,8.881123329108764,20.643445629819492,18.02593626647445
lt,uniform,1.0,0.25,4,4,37944,338,28,1062432,8440305,annual,"2022,2023,2024,2025,2026",922.8962681846932,553.2268817204301,547.0,1308.0,152.9,848.2,0.0,0.0,0,0,False,False,False,False,False,False,,,1.1033479580073615,0.5785470830160193,1.80961295805173,587104.5492202035,608.40625,20260723T013213Z-85f136d9,8,11.601765708008315,resolution_cache,0.0143859999952837,0.1057393330265767,country,0.0,0.0,0.0,0.0,962916.5416853124,7.845667299177736,13.769133459835547,13.769133459835547,5.126674977382858,7.1684030923043105,7.974889308850594
be,uniform,0.5,0.25,2,2,37944,198,54,2048976,15105522,annual,"2022,2023,2024,2025,2026",3883.5426944971537,793.8605351043643,3771.0,3966.0,685.5,885.106,0.0,0.0,0,0,False,False,False,False,False,False,,,1.1247257920331322,0.3169915000326,1.5761304999468848,1300004.0288980196,608.40625,20260723T013213Z-85f136d9,8,10.4951062919572,resolution_cache,0.0149693340063095,0.1123780000489205,country,0.0,0.0,0.0,0.0,1821756.0355721272,22.0,22.075901328273243,26.075901328273243,4.841284634591677,10.37140741968604,6.573606059620406
es,uniform,2.0,0.25,8,8,37944,2065,40,1517760,12402124,annual,"2022,2023,2024,2025,2026",29934.479000632513,29880.82569512966,29172.1,30655.699999999997,23385.097,33776.193,0.0,0.0,0,0,False,False,False,False,False,False,,,0.5998917079996318,0.0935474999714642,0.7898057500133291,1921687.7060902452,669.875,20260723T202350Z-ee4abe69,4,7.817901208996773,resolution_cache,0.0120861670002341,0.0808122499729506,mainland_spain,359.2,201.1,12.0,35.0,2530056.6414912534,23.0,26.538266919671095,29.0,12.313029747114085,11.561551111459986,15.805653822410443
es,capacity,2.0,0.25,8,8,37944,2065,40,1517760,12402124,annual,"2022,2023,2024,2025,2026",29934.479000632513,29880.82569512966,29172.1,30655.699999999997,23385.097,33776.193,0.0,0.0,0,0,False,False,False,False,False,False,,,0.8009282079874538,0.1071596250403672,1.378804082982242,1100780.030123792,278.078125,20260723T202350Z-ee4abe69,4,9.084698083985131,resolution_cache,0.3682905830210075,0.0958128750207834,mainland_spain,359.2,201.1,12.0,35.0,1895001.3058146343,23.0,26.538266919671095,29.0,12.313029747114085,11.561551111459986,15.805653822410443
es,capacity,1.0,0.25,4,4,37944,2065,135,5122440,39171544,annual,"2022,2023,2024,2025,2026",29934.479000632513,29880.82569512966,29172.1,30655.699999999997,23385.097,33776.193,0.0,0.0,0,0,False,False,False,False,False,False,,,0.8387152919895016,0.1124538339790888,1.4245515420334414,3595826.3698118622,321.640625,20260723T202350Z-ee4abe69,4,9.091662499995437,resolution_cache,0.3731525419862009,0.0961292919819243,mainland_spain,359.2,201.1,12.0,35.0,6107483.73008575,59.0,70.76913345983554,76.0,27.33491318296633,27.43202884637425,39.3868729006214
es,capacity,0.5,0.25,2,2,37944,2065,540,20489760,144543041,annual,"2022,2023,2024,2025,2026",29934.479000632513,29880.82569512966,29172.1,30655.699999999997,23385.097,33776.193,0.0,0.0,0,0,False,False,False,False,False,False,,,1.0284864170243964,0.1946308329934254,1.7194488330278546,11916469.746830828,475.46875,20260723T202350Z-ee4abe69,4,9.152102792053483,resolution_cache,0.395946541975718,0.0966587080038152,mainland_spain,359.2,201.1,12.0,35.0,19922246.57597395,143.0,208.99683744465528,238.46046805819103,59.999772662407466,63.287843457443586,97.43188056827546
es,capacity,0.25,0.25,1,1,37944,2065,2065,78354360,526185365,annual,"2022,2023,2024,2025,2026",29934.479000632513,29880.82569512966,29172.1,30655.699999999997,23385.097,33776.193,0.0,0.0,0,0,False,False,False,False,False,False,,,2.922891125024762,0.0884229579824023,3.5358694170136005,22159856.81569038,662.46875,20260723T202350Z-ee4abe69,4,10.97001716698287,resolution_cache,0.425291792023927,0.0954427079996094,mainland_spain,359.2,201.1,12.0,35.0,26807142.8761604,276.5382669196711,543.5869702719798,661.8292220113852,115.77589825490908,113.84070650938162,202.376452928273
es,uniform,1.0,0.25,4,4,37944,2065,135,5122440,39171544,annual,"2022,2023,2024,2025,2026",29934.479000632513,29880.82569512966,29172.1,30655.699999999997,23385.097,33776.193,0.0,0.0,0,0,False,False,False,False,False,False,,,0.8818530410062522,0.0892267500166781,1.061427167034708,4825992.92640161,530.25,20260723T202350Z-ee4abe69,4,8.449221250019036,resolution_cache,0.009587584005203,0.0753445420414209,mainland_spain,359.2,201.1,12.0,35.0,5808722.952471718,59.0,70.76913345983554,76.0,27.33491318296633,27.43202884637425,39.3868729006214
es,uniform,0.5,0.25,2,2,37944,2065,540,20489760,144543041,annual,"2022,2023,2024,2025,2026",29934.479000632513,29880.82569512966,29172.1,30655.699999999997,23385.097,33776.193,0.0,0.0,0,0,False,False,False,False,False,False,,,0.9137982499669306,0.0940630419645458,1.10423112497665,18555680.54236225,583.359375,20260723T202350Z-ee4abe69,4,8.571636333013885,resolution_cache,0.0107496249838732,0.0803342500003054,mainland_spain,359.2,201.1,12.0,35.0,22422629.941282447,143.0,208.99683744465528,238.46046805819103,59.999772662407466,63.287843457443586,97.43188056827546
es,uniform,0.25,0.25,1,1,37944,2065,2065,78354360,526185365,annual,"2022,2023,2024,2025,2026",29934.479000632513,29880.82569512966,29172.1,30655.699999999997,23385.097,33776.193,0.0,0.0,0,0,False,False,False,False,False,False,,,2.4539519589743577,0.0900403340347111,2.639188958972227,29688802.589759756,773.90625,20260723T202350Z-ee4abe69,4,9.86041679099435,resolution_cache,0.0099225420271977,0.0809650419978424,mainland_spain,359.2,201.1,12.0,35.0,31929867.132667348,276.5382669196711,543.5869702719798,661.8292220113852,115.77589825490908,113.84070650938162,202.376452928273
